ind_name, fitness,scaled_energy,b/c,temp,strand_set
1730290723232-10,0.5073042816624217,0.1942648466980664,0.5000892311085585,328,a a*,a b*,a* a,a* b,b b* 
1730290751377-96,0.5450557740076631,0.32097821438993607,0.5610388522406871,298,a b*,a* a,b a*,b b*,b* a,b* b 
1730290725320-28,0.5170038921900906,0.34786757936567103,0.4826533401368181,318,a* a,a* b*,b a*,b b,b b* 
1730290723232-10,0.5024868123840232,0.1942648466980664,0.33265964566465095,328,a a,a b*,a* a,a* b,a* b*,b b 
1730290961814-430,0.5146292647382201,0.11744625482083128,0.5747629167591344,318,a a,a a*,a* a,b b,b b* 
1730292690621-2642,0.4865972526367875,0.26661960183862415,0.4490133125547423,338,a a*,a b,a* b,b* a* 
1730290791371-158,0.5117746787790959,0.3785073048667695,0.6506123328041478,318,a a*,a b,b a*,b b,b b*,b* a* 
1730290733340-67,0.7039203333187387,0.5403634657978466,0.5402042396020535,277,a a,a b*,a* a,b a,b* a*,b* b 
1730290723232-10,0.4928874466267267,0.1942648466980664,0.29917160525150654,328,a b*,a* a,a* b*,b b,b* a 
1730290966640-439,0.515122601290446,0.0486184110207399,0.7851105664206756,308,a a*,a* b,b b,b b*,b* b 
1730290732180-66,0.5595878398902663,0.2786562113089135,0.5611661794105189,298,a a,a b*,a* b*,b b*,b* a,b* b 
1730290723232-10,0.5119755031196191,0.1942648466980664,0.41926900378705856,328,a a,a b*,a* a,b b*,b* b 
1730290958346-423,0.5089756990905449,0.02014049175121228,0.4112049924588917,338,a b*,b b,b* a 
1730290724955-25,0.49147849061637316,0.03345601714574422,0.3068338168066433,328,a b,a* a,a* b,a* b*,b b,b* a 
1730290966640-439,0.4882772565457031,0.0309244558380383,0.798730133915957,318,a a*,a b,a* b,b a,b b,b b* 
1730290791371-158,0.5027141716448544,0.3785073048667695,0.747497548858026,318,a a*,b a*,b b,b b*,b* b 
1730290864900-272,0.5689581823418272,0.4727894990286171,0.6792113874156173,298,a a*,a* b*,b b,b b*,b* b 
1730290723232-10,0.517257724977178,0.3157058647567646,0.5634795747381576,318,a a*,a b*,a* a,b a,b b*,b* b* 
1730290725320-28,0.5025802358946023,0.6132518636047333,0.4253183231771457,298,a* a,a* b*,b a,b b,b* a 
1730290732180-66,0.5649083366829982,0.2786562113089135,0.5760244306725775,298,a a,a* a,a* b*,b b*,b* a,b* b 
1730290987079-475,0.5719524537363067,0.5071528220192016,0.7509227700012939,298,a a,a a*,a* b,b b,b b*,b* b 
1730290723232-10,0.4872121968161753,0.3157058647567646,0.831471352917562,318,a a*,a b,a* a*,a* b,b b,b b* 
1730290864900-272,0.565172753718548,0.4727894990286171,0.6166732236214283,298,a a*,a* b*,b a*,b b*,b* b,b* b* 
1730290725320-28,0.5015891445015472,0.34786757936567103,0.34662866592423697,318,a* a,a* b*,b a,b b,b* a 
1730290751377-96,0.5051458539282587,0.1291805676243533,0.37685318105689386,338,a a,a b*,a* a,b a,b b*,b* a* 
1730290725320-28,0.4989871526605312,0.5124403627895234,0.423629912266789,308,a* a,a* b*,b a,b b,b* a 
1730290728945-53,0.6975045796175027,0.6944319629119903,0.8129402115101791,277,a a,a a*,a* a,b b*,b* a*,b* b 
1730290725320-28,0.715319055878668,0.7549315520880646,0.6181650100021141,277,a a,a b*,a* a,b* a,b* a*,b* b 
1730290728090-51,0.48302072109784533,0.14094095116115213,0.8529241999092733,308,a a*,a* b,b a*,b b,b b*,b* b* 
1730290728090-51,0.4942528275668072,0.04209565881748553,0.297556435646841,348,a* a,b a,b b,b b*,b* a 
1730292088696-1924,0.5042625622698343,0.08641227760283215,0.3490798510523823,338,a* a,a* a*,a* b*,b b,b b*,b* a 
1730290723232-10,0.5061354608810693,0.3157058647567646,0.4242449886190673,318,a a*,a b*,a* a,a* b*,b a,b* b* 
1730293261698-3324,0.5338137489006839,0.6384846344215138,0.4766892985600592,298,a* a,b a,b b,b* a,b* b 
1730290724955-25,0.4983736931325336,0.0940208666148274,0.7606753329282053,308,a a*,a b,b a,b b,b b*,b* b 
1730290966640-439,0.4827706570138404,0.0486184110207399,0.8755385631721557,308,a a,a a*,a* b,b b,b b*,b* b 
1730290791371-158,0.5083817347412596,0.3785073048667695,0.41615196911968777,318,a a*,a* a,a* b*,b a,b b,b* a* 
1730293261698-3324,0.5059581400621748,0.6384846344215138,0.4372369999832214,298,a* a,a* b*,b a,b b,b* a 
1730290725075-26,0.49572084876635114,0.5042354001720863,0.31226041564238094,328,a* a,a* b,a* b*,b* a,b* b* 
1730290966640-439,0.5197307220454739,0.09612167627390537,0.8814643130876023,298,a a*,a* b,b a*,b b,b b*,b* b 
1730290966640-439,0.4887289357850365,0.02183025134780803,0.7474585270544721,328,a a*,a* b,b a,b a*,b b,b b* 
1730290966640-439,0.518094969391391,0.0486184110207399,0.6308719076057216,308,a a*,a b*,b a,b b,b b*,b* a 
1730291246693-898,0.5088503371352076,0.4178866014447139,0.5129760416476925,328,a a*,a* a,b a,b a*,b b*,b* a* 
1730291246693-898,0.5021717277423653,0.4178866014447139,0.5884193641665353,328,a a*,b a,b a*,b b,b b*,b* a* 
1730290728945-53,0.7065767602326891,0.6944319629119903,0.7515520050442492,277,a a,a b*,a* a,b a*,b b*,b* b 
1730290966640-439,0.48907255954855006,0.0486184110207399,0.8309662999787536,308,a a*,a* b,b a,b a*,b b,b b* 
1730290728358-52,0.5495817498068541,0.3590926109522434,0.8190303745880425,298,a a*,b a*,b b,b b*,b* b,b* b* 
1730290725075-26,0.5079059433569466,0.6338035195400803,0.49490159181088206,308,a a*,a b*,a* a,a* b*,b b,b* a 
1730290751377-96,0.715504412630728,0.4753555640919675,0.6941975103720907,277,a a,a b*,a* a,b b*,b* a*,b* b 
1730290856476-259,0.7086764028717116,0.26403008885489676,0.48769771368142534,277,a a,a* a,b a,b* a,b* a*,b* b 
1730290966640-439,0.5730424461515073,0.09612167627390537,0.7181184115380261,298,a a*,b b,b b*,b* b 
1730290981764-466,0.5655755126810149,0.43315698082272097,0.7662596259241135,298,a a*,a b*,a* b,b b,b b*,b* b 
1730290791371-158,0.5065998627891685,0.4476354366876961,0.8370917824939268,308,a a*,a* b,b a*,b b,b b*,b* b 
1730290791371-158,0.5175635229407629,0.3785073048667695,0.5198335090778272,318,a a*,a* a,a* b*,b b,b b* 
1730291066721-603,0.5272429828687223,0.2138644059911218,0.7430003889996505,308,a a*,a b*,a* b,b b,b b*,b* b 
1730290728090-51,0.5079059433569466,0.14094095116115213,0.49490159181088206,308,a a*,a b*,a* a,a* b*,b b,b* a 
1730290728358-52,0.5222547213492797,0.27161374176006997,0.753325653994511,308,a a,a a*,b a*,b b,b b*,b* b 
1730290856476-259,0.7154940864591761,0.26403008885489676,0.624305986637901,277,a a,a b*,a* a,b* a,b* a*,b* b 
1730290981764-466,0.523251459115074,0.35669519843565844,0.7136010477102759,308,a a*,a b*,b b,b b*,b* b 
1730290981764-466,0.5026604717035754,0.28729821559322727,0.7581562224028074,318,a a*,a b*,a* b,b b,b b*,b* b 
1730290723232-10,0.5710757278952522,0.5818452197136627,0.6627447134014478,298,a a,a a*,a b*,a* a,b b*,b* b 
1730291246693-898,0.48837594601806955,0.5094303445069097,0.8144050494543721,318,a a*,a* b,b a,b a*,b b,b b* 
1730290961814-430,0.4890379129652969,0.11744625482083128,0.7716977371085796,318,a a*,a b,a* b,b b,b b*,b* a 
1730290728358-52,0.5754061468266012,0.3590926109522434,0.6532877384420231,298,a a*,a b,a* b*,b b,b b*,b* b 
1730290724846-24,0.48762726659506556,0.4141157757660479,0.8392120184449974,308,a a,a a*,b b,b b*,b* b,b* b* 
1730290966640-439,0.5645265612621061,0.09612167627390537,0.7669120886803027,298,a a*,b a*,b b,b b*,b* b 
1730300761260-12120,0.5107927181446643,0.01997924490286028,0.442175052251317,348,a* b*,b a*,b* a* 
1730300761260-12120,0.5136424419016011,0.01870851014024797,0.442175052251317,358,a* b*,b a*,b* a* 
1730290725075-26,0.5019306958270784,0.5728348954511557,0.6993753728408314,318,a a,a a*,a* b,b b,b b*,b* b* 
1730290728090-51,0.5229021614312778,0.14094095116115213,0.6099373550938215,308,a a*,a b*,a* a,b b,b b*,b* a 
1730301117140-12527,0.491116011537077,0.1845945577315166,0.2996702349598904,328,a b,a* a,a* b*,b b,b* a 
1730290728358-52,0.5700267721628507,0.3590926109522434,0.6076267122631225,298,a a*,a* b*,b b,b b*,b* b 
1730290724846-24,0.5730209640552668,0.5200721068983051,0.6061022526246549,298,a a*,a* a,a* b*,b b,b b*,b* b 
1730290966640-439,0.48899179657209924,0.0309244558380383,0.8144050494543721,318,a a*,a* b,b a,b a*,b b,b b* 
1730290724955-25,0.5226473002795182,0.0940208666148274,0.6806359770671304,308,a a*,a* b,b a,b b,b b* 
1730290739430-76,0.5191778707184262,0.24007491445519338,0.5032899419816288,318,a a,a b*,a* a,b a*,b b* 
1730291066721-603,0.5143191690565866,0.1715781309595998,0.6888631892156838,318,a a*,b a*,b b,b b*,b* b 
1730295994458-6528,0.6660466448584662,0.1633618378401276,0.7880932957712191,277,a a,a a*,a* a,b b* 
1730290733340-67,0.5041709646955165,0.330439320522771,0.4949963602345837,308,a a,a b*,a* a,a* b*,b b,b* a* 
1730291246693-898,0.49710583528446034,0.2007573044439795,0.4384954249964853,338,a a*,b a,b a*,b b,b b*,b* a* 
1730290728090-51,0.5697476827570346,0.17166234908380157,0.6666853937543615,298,a a*,a b*,b b,b b*,b* b 
1730290728090-51,0.5175936745563616,0.14094095116115213,0.750719148987369,308,a a*,a* b,b b,b b*,b* a,b* b 
1730290966640-439,0.5186886040941466,0.0486184110207399,0.55051933582919,308,a a*,a* b*,b a,b b,b b*,b* a 
1730290864900-272,0.5450557740076631,0.4727894990286171,0.5610388522406871,298,a b*,a* a,b a*,b b*,b* a,b* b 
1730290724846-24,0.5264283865419399,0.4141157757660479,0.6588069378133408,308,a a*,a* a,b b,b b*,b* b 
1730290728945-53,0.7153167995525177,0.6944319629119903,0.7420641728413463,277,a a,a b*,a* a,b b*,b* a*,b* b 
1730290966640-439,0.5196617586928209,0.0486184110207399,0.7292411387937104,308,a a,a a*,a b*,a* b,b b,b b* 
1730290723232-10,0.534558671644552,0.5818452197136627,0.48537192246964467,298,a a,a b,a b*,a* a,b a,b* b 
1730302945712-14661,0.49839569197142647,0.06639045761853807,0.44006685537396933,348,a b*,a* b,b b,b* a*,b* b 
1730290745597-87,0.7012410592164066,0.5774351696347064,0.551572162169934,277,a a,a b*,a* a,b* a*,b* b,b* b* 
1730290745597-87,0.713614702475624,0.5774351696347064,0.6704143126608542,277,a a,a a*,a b*,a* a,b b*,b* b 
1730290724955-25,0.4925137826838145,0.0940208666148274,0.8180389607257961,308,a a,a a*,a* b,b a,b b,b b* 
1730290981764-466,0.5052973359837981,0.28729821559322727,0.7242620971464169,318,a a*,a* b,b a,b b,b b*,b* b 
1730290725320-28,0.7086764028717116,0.7549315520880646,0.49443086007482584,277,a a,a* a,b a,b* a,b* a*,b* b 
1730294917039-5277,0.4927475115139976,0.35946750071423095,0.30155598600281164,328,a b*,a* a,a* b*,b a,b b,b* a 
1730291066721-603,0.5277996433970713,0.2138644059911218,0.6561450047117175,308,a a*,a b*,a* b*,b b,b b*,b* b 
1730290751377-96,0.5132742987219797,0.17333506248735897,0.4325091421674884,328,a a,a b*,a* a,b a,b b*,b* a* 
1730290728945-53,0.510877682193644,0.3379617890995391,0.5088897201135874,328,a a*,a b*,a* a,b a*,b b*,b* a* 
1730290800867-173,0.5762593482193858,0.23749817078466606,0.6395579466397675,298,a a*,a b*,a* b*,b b,b b*,b* b 
1730290725075-26,0.49041310089945356,0.5042354001720863,0.6492126590717865,328,b a,b a*,b b,b b*,b* a*,b* b 
1730294917039-5277,0.5278935089218483,0.529844682959805,0.5570685263930014,308,a a*,a* a,a* b*,b a,b b,b b* 
1730291861735-1650,0.5086033554488946,0.03853539160088492,0.3672407571386848,338,a b*,a* a,a* b*,b a,b b*,b* b 
1730290728090-51,0.5190973779648369,0.14094095116115213,0.5356372380175829,308,a b*,a* a,b b,b b*,b* a,b* b* 
1730290961814-430,0.519712667863066,0.1547026470907054,0.7068649403973342,308,a a*,b b,b b* 
1730290966640-439,0.5251850549589263,0.09612167627390537,0.8187608937916653,298,a a,a a*,b a,b b,b b*,b* b 
1730290725075-26,0.51045104715433,0.5728348954511557,0.43729792376290694,318,a b,a b*,a* a,b a,b b*,b* a 
1730290723232-10,0.5666942386128067,0.5818452197136627,0.6118814054394581,298,a a,a* a,b b*,b* b,b* b* 
1730290728090-51,0.5622560320890247,0.17166234908380157,0.7591444685276934,298,a a,a a*,b b,b b*,b* b 
1730290728090-51,0.507740402718415,0.08616220265706419,0.5267772628828573,328,a a*,a* a,b a,b a*,b b*,b* b* 
1730290728358-52,0.5229917890586038,0.27161374176006997,0.6979753899274019,308,a a*,b a*,b b,b b*,b* b 
1730290856476-259,0.4795157716232659,0.04610722181433063,0.8283230268121333,328,a a*,b a*,b b,b b*,b* a*,b* b 
1730290724846-24,0.5239464395834164,0.4141157757660479,0.6019580745215274,308,a a*,a* a,a* b*,b b,b b* 
1730290728090-51,0.5089756990905449,0.06258213722613078,0.4112049924588917,338,a b*,b b,b* a 
1730290725075-26,0.5168798154822296,0.5728348954511557,0.5678590324487158,318,a a*,a b*,a* a,b a,b b* 
1730291066721-603,0.4867164114845137,0.1308340465851171,0.7519761296005166,328,a a*,a b,a* b,b a*,b b,b b* 
1730290725075-26,0.4795157716232659,0.5042354001720863,0.8283230268121333,328,a a*,b a*,b b,b b*,b* a*,b* b 
1730291246693-898,0.4787276461274696,0.4178866014447139,0.8283230268121333,328,a a*,b a*,b b,b b*,b* a*,b* b 
1730290864900-272,0.542367793888762,0.4727894990286171,0.8190303745880425,298,a a*,a* a*,b a*,b b,b b*,b* b 
1730290966640-439,0.5244490692539845,0.0486184110207399,0.6157076534677894,308,a a*,a* b*,b a,b b,b b* 
1730290966640-439,0.6640324045256735,0.2445002480811659,0.8841393581098349,277,a a*,b a*,b b,b b*,b* a*,b* b 
1730290725075-26,0.5160007634596447,0.5728348954511557,0.4428931739495764,318,a b,a b*,a* a,a* b*,b b*,b* a 
1730290966640-439,0.5646355175393247,0.09612167627390537,0.6078049449193309,298,a a*,a* b*,b a,b b*,b* b 
1730293261698-3324,0.4996114693059621,0.46138793389799937,0.41140444587035685,308,a* a,a* b*,b a,b b,b* a 
1730294917039-5277,0.5130117463625972,0.35946750071423095,0.43159694521901665,328,a b*,a* a,b a,b a*,b b,b b* 
1730290791371-158,0.5162597921259932,0.3785073048667695,0.46792665642199477,318,a a*,a* a,a* b*,b b,b b*,b* a 
1730290725075-26,0.5016442299166598,0.5042354001720863,0.5637140319768958,328,a a*,b a*,b b,b b*,b* a* 
1730290725075-26,0.50354293376752,0.3871966152219049,0.37874526494453303,338,a a*,a b*,a* a,b a,b b*,b* a* 
1730290723232-10,0.5205979849866312,0.46981738990178956,0.6975675907384548,308,a a,a a*,b a,b a*,b b,b b* 
1730290728090-51,0.5253911367480837,0.17166234908380157,0.8187608937916653,298,a a,a a*,b a,b b,b b*,b* b 
1730290791371-158,0.5077581613586531,0.27137612726177596,0.5037475590440031,328,a a*,a* a,b a*,b b,b b* 
1730290987079-475,0.4581051584892764,0.43496098679891504,0.8755385631721557,308,a a,a a*,a* a*,a* b,b b*,b* b 
1730290745597-87,0.6955922335603278,0.5774351696347064,0.6960355250951927,277,a a,a a*,a b*,b b*,b* b 
1730290728358-52,0.4871982623626552,0.27161374176006997,0.8175010743499939,308,a a*,a* a*,b a*,b b,b b*,b* b* 
1730290725075-26,0.5136733476914565,0.5042354001720863,0.37435454265987467,328,a b,a b*,a* a,a* b*,b b*,b* a 
1730290724846-24,0.5175280763445745,0.4141157757660479,0.7595776944818151,308,a a,a a*,b a*,b b,b b*,b* b 
1730290864900-272,0.5682260771744533,0.4727894990286171,0.7678902980003254,298,a a*,a b*,b a*,b b,b b*,b* b 
1730290724846-24,0.5242381937105876,0.4141157757660479,0.5404011612165128,308,a a*,a* a,a* b*,b b,b b*,b* a 
1730291861735-1650,0.6954145078949107,0.5300411298105328,0.8194354599209821,277,a a*,a b*,a* a,b a*,b b*,b* b 
1730290800867-173,0.576007533383961,0.23749817078466606,0.6892271645115444,298,a a*,a* b,a* b*,b b,b b*,b* b 
1730294917039-5277,0.5257748714002946,0.529844682959805,0.6187500167295976,308,a a*,a* b,a* b*,b a,b b,b b* 
1730290961814-430,0.5123026688983238,0.11744625482083128,0.6505236728949809,318,a a,a a*,b b,b b*,b* b 
1730290864900-272,0.5261813969495083,0.4727894990286171,0.875846973131028,298,a a*,b a*,b b,b b*,b* b,b* b* 
1730290981764-466,0.5704284753522489,0.43315698082272097,0.6929234073051471,298,a a*,a* b,a* b*,b b,b b*,b* b 
1730295994458-6528,0.6552906826222836,0.1633618378401276,0.8183350526949021,277,a a,a a*,a b*,b b* 
1730290725075-26,0.5111530878112672,0.5042354001720863,0.4669321995847599,328,a a*,a b*,a* a,b a,b b*,b* b* 
1730291066721-603,0.5022391047416402,0.1308340465851171,0.3568531143294564,328,a b*,a* a,a* b*,b b,b b*,b* a 
1730291066721-603,0.48933728441243823,0.1715781309595998,0.8011935681152341,318,a a*,a b,a* b,b a,b b,b b* 
1730290726095-35,0.5137200734046796,0.36772930491588435,0.4384790782497706,328,a b*,a* a,a* b*,b b*,b* b,b* b* 
1730290987079-475,0.530106345335872,0.5071528220192016,0.8233690631386368,298,a a,a a*,a* a*,b a*,b b*,b* b 
1730290791371-158,0.5028693082577831,0.27137612726177596,0.5893568305439815,328,a a*,a b*,b a,b a*,b b*,b* a* 
1730291246693-898,0.515824945772885,0.5094303445069097,0.5867652677906824,318,a a*,a* a,b a,b a*,b b* 
1730290961814-430,0.5172646574395077,0.11744625482083128,0.5307735416114636,318,a a,a b,a* a,b b,b b* 
1730293261698-3324,0.5053271116642452,0.46138793389799937,0.46101129739072166,308,a a,a b*,a* a,a* b*,b b,b* a 
1730290725320-28,0.7074838907682575,0.7549315520880646,0.5418132856570267,277,a a,a* a,b a*,b* a,b* a*,b* b 
1730290725075-26,0.48664768517353546,0.5728348954511557,0.8288620513714641,318,a a*,a* a*,a* b,b b,b b*,b* b* 
1730290744842-86,0.709291676794197,0.38478410426466825,0.5800524416453856,277,a a,a b*,a* a,b b*,b* a,b* b 
1730304892552-16940,0.5379085567978374,0.49438005385213946,0.49167292707361593,298,a a,a* a,b a,b b,b* a,b* b 
1730290732012-65,0.7110827234823194,0.6724796967525738,0.6577014137574559,277,a a,a b*,a* a,b b*,b* a,b* b 
1730290725320-28,0.6953953280535919,0.7549315520880646,0.8194354599209821,277,a a*,a b*,a* a,b a*,b b*,b* b 
1730290864900-272,0.5235682342514953,0.37266857224295324,0.7598049905734782,308,a a*,b a*,b b,b b*,b* b 
1730290800867-173,0.5730209640552668,0.23749817078466606,0.6061022526246549,298,a a*,a* a,a* b*,b b,b b*,b* b 
1730295806029-6305,0.49798290378209686,0.3176830594990986,0.6499852145699051,328,a a*,b a,b a*,b b,b b*,b* b 
1730290724846-24,0.5196443775933309,0.4141157757660479,0.4948096497736606,308,a* a,a* b*,b a,b b,b b*,b* a 
1730291861735-1650,0.5262831686515671,0.39057204631230047,0.8750193607801606,298,a a*,a b*,b a*,b b,b b*,b* b 
1730290725075-26,0.5133327255194274,0.5042354001720863,0.38800824762877495,328,a b,a b*,a* a,b a,b b*,b* a 
1730290739430-76,0.5184198162013993,0.24007491445519338,0.5926671534098369,318,a a,a a*,a b*,a* a,a* b,b b* 
1730295994458-6528,0.713614702475624,0.1633618378401276,0.6742351316370905,277,a a,a a*,a b*,a* a,b b*,b* b 
1730290732012-65,0.7002671810092351,0.6724796967525738,0.4855195539573478,277,a a,a b*,a* a,a* b*,b* a,b* b 
1730290864900-272,0.5131694057077505,0.37266857224295324,0.8161205222263043,308,a a,a a*,b a*,b b,b b*,b* b 
1730297022586-7746,0.5109639979957405,0.45015775091463217,0.3867596711381031,328,a a,a* a,a* b,b b*,b* a,b* b* 
1730295994458-6528,0.6945745764857606,0.1633618378401276,0.6990477556402802,277,a a,a a*,a b*,b b*,b* b 
1730290725075-26,0.5059492285041856,0.3871966152219049,0.3571223849793103,338,a b,a b*,a* a,b a,b b* 
1730297022586-7746,0.502475941795152,0.20183082694975574,0.3719717399102168,338,a a,a* a,a* b,b b*,b* a,b* b* 
1730290800867-173,0.551279419449067,0.23749817078466606,0.5580670518673749,298,a a*,a b*,a* b*,b a*,b b,b* b 
1730290725075-26,0.48428931377305645,0.5042354001720863,0.7593553516226159,328,a a*,a* b,b b,b b*,b* a*,b* b* 
1730293261698-3324,0.4925636704355589,0.08706311997547192,0.30155598600281164,328,a b*,a* a,a* b*,b a,b b,b* a 
1730291832165-1614,0.5025994709213955,0.15539795572482729,0.3949448150454765,348,a b*,b b,b b* 
1730290725075-26,0.5221501121127512,0.6338035195400803,0.6547614639817331,308,a b*,a* b,a* b*,b b,b b*,b* b 
1730290725075-26,0.5674519437512379,0.6889964877411459,0.6082495023435305,298,a b*,a* b,a* b*,b b,b b*,b* b 
1730290856476-259,0.7153167995525177,0.26403008885489676,0.7420641728413463,277,a a,a b*,a* a,b b*,b* a*,b* b 
1730290961814-430,0.5029620021809841,0.11744625482083128,0.7215040995055252,318,a a,a a*,a* b,b b,b b*,b* b 
1730290732012-65,0.7156169855528259,0.6724796967525738,0.563171576127621,277,a a,a b*,a* a,b* a,b* a*,b* b 
1730293261698-3324,0.48375636900561164,0.20500669993536358,0.8756736127365222,318,a a*,a* b,b a*,b b,b b*,b* b 
1730294917039-5277,0.5228836732190607,0.4613497969705776,0.576597346754409,318,a a*,a b,a b*,a* a,b b*,b* b 
1730294917039-5277,0.5183826851718458,0.529844682959805,0.4948096497736606,308,a* a,a* b*,b a,b b,b b*,b* a 
1730290728090-51,0.5148294264793607,0.11237992542519791,0.4353763036502874,318,a a,a* a,b a,b b,b b*,b* a 
1730291246693-898,0.5131141682036304,0.5094303445069097,0.6264192766503192,318,a a*,a b,b a,b b,b b*,b* a* 
1730290726836-41,0.7047467557783564,0.4304841299843703,0.5469390415387676,277,a a,a b*,a* a,b b,b* a*,b* b 
1730290745597-87,0.7099417504163136,0.5774351696347064,0.5982408634180176,277,a a,a a*,a b*,a* a,b* b 
1730290725320-28,0.51212294945937,0.5124403627895234,0.7615894593864966,308,a a,a a*,b b,b b*,b* b,b* b* 
1730290966640-439,0.4858642337945736,0.02183025134780803,0.7519761296005166,328,a a*,a b,a* b,b a*,b b,b b* 
1730291066721-603,0.5232637101668515,0.2138644059911218,0.7519088327421017,308,a a*,a* b,b a*,b b,b b*,b* b 
1730290725075-26,0.550900370596242,0.6889964877411459,0.5501531085121409,298,a b*,a* a,b b,b b*,b* a,b* b 
1730290728945-53,0.4747558506110194,0.3379617890995391,0.8323851072995012,328,a a,a a*,b a*,b b*,b* a*,b* b 
1730290751377-96,0.5059759731907237,0.1291805676243533,0.35817978935269223,338,a a,a b*,a* a,b a,b b* 
1730294917039-5277,0.5174391520185551,0.4613497969705776,0.4896346155997458,318,a b,a b*,a* a,b b*,b* a,b* b 
1730317060175-30975,0.506257406953555,0.027918703518602563,0.4384809379001143,338,a b*,a* b*,b b 
1730290725075-26,0.5245504093270132,0.6338035195400803,0.5817021063390654,308,a b*,a* a,b b,b b*,b* a,b* b 
1730290725075-26,0.5209239384368781,0.6338035195400803,0.5593946140336022,308,a b*,a* a,b b,b b*,b* b,b* b* 
1730290724846-24,0.576007533383961,0.5200721068983051,0.6892271645115444,298,a a*,a* b,a* b*,b b,b b*,b* b 
1730290791371-158,0.4856765667801097,0.27137612726177596,0.7519761296005166,328,a a*,a b,a* b,b a*,b b,b b* 
1730292088696-1924,0.4914127493771622,0.08641227760283215,0.30913010297434373,338,a* a,a* a*,b b,b b*,b* a 
1730291246693-898,0.5157723913943416,0.5094303445069097,0.47631774066024896,318,a* a,b a,b a*,b b,b b*,b* a 
1730290751377-96,0.5172239476501941,0.22029133263202072,0.47008575005872566,318,a a,a b*,a* a,b a,b b* 
1730294917039-5277,0.5266919852092944,0.529844682959805,0.6465169875975397,308,a a*,a* a,b a,b a*,b b,b b* 
1730291066721-603,0.5228330277639074,0.2138644059911218,0.5378085639628454,308,a a*,a* a,a* b*,b b,b b*,b* a 
1730290745597-87,0.691077163053535,0.5774351696347064,0.4952044404721379,277,a a,a b*,a* a,b* a,b* b,b* b* 
1730290961814-430,0.5142804054186224,0.11744625482083128,0.49767276329093135,318,a a,a b,a* a,b b* 
1730295994458-6528,0.566593624334998,0.1094057983707836,0.6326292717728557,298,a a,a a*,a b*,a* a,b b*,b* b 
1730290745597-87,0.6603010865422406,0.5774351696347064,0.8381838121573467,277,a a,a a*,b b*,b* b 
1730290723232-10,0.4932030929447881,0.3157058647567646,0.7608328417932102,318,a a*,a* a*,a* b,b b,b b*,b* b 
1730290744842-86,0.7160080206772396,0.38478410426466825,0.6398238277172259,277,a a,a b*,a* a,b b*,b* a*,b* b 
1730293261698-3324,0.5087711503775894,0.20500669993536358,0.6892291619256934,318,a a*,a* b,b a*,b b*,b* b 
1730308535897-21129,0.5361620680351319,0.5607723619181462,0.4929306801819696,298,a b*,a* a,b a,b b,b* a*,b* b 
1730293261698-3324,0.5017993736607786,0.20500669993536358,0.7581562224028074,318,a a*,a* b,b b,b b*,b* b 
1730291066721-603,0.49779017934607567,0.1308340465851171,0.6518692921571202,328,a a*,a* b,b a*,b b,b b*,b* b 
1730290751377-96,0.697378940712223,0.4753555640919675,0.7622842245587036,277,a a,a a*,a* a,b b*,b* a*,b* b 
1730291861735-1650,0.7071475851540154,0.5300411298105328,0.6652687825070762,277,a a,a b*,a* a,b a*,b* a*,b* b 
1730294917039-5277,0.514480007645421,0.4613497969705776,0.414447997248117,318,a* a,a* b*,b a,b b,b b*,b* a 
1730290981764-466,0.5160560530371849,0.28729821559322727,0.6467691814143749,318,a a,a a*,a b*,b b,b b*,b* b 
1730291861735-1650,0.5144774327570756,0.11749475323410584,0.47819621139802315,328,a b*,a* a,b a,b a*,b b*,b* b 
1730291066721-603,0.5168007086729904,0.1715781309595998,0.4891999637773811,318,a a*,a* a,a* b*,b b,b b*,b* a 
1730290725075-26,0.5170995876235239,0.5728348954511557,0.5273114120142788,318,a b*,a* a,b b,b b*,b* b,b* b* 
1730290791371-158,0.4878325261519944,0.27137612726177596,0.7474585270544721,328,a a*,a* b,b a,b a*,b b,b b* 
1730290966640-439,0.4984429501353996,0.0309244558380383,0.6926391867674586,318,a a,a a*,a* a*,a* b,b b,b b* 
1730290981764-466,0.514946561420838,0.06434674219917699,0.3453526789297388,358,a a,a b*,a* a,b b*,b* b 
1730290856476-259,0.7064610875061612,0.26403008885489676,0.7515520050442492,277,a a,a b*,a* a,b a*,b b*,b* b 
1730293261698-3324,0.49701963195075566,0.08706311997547192,0.702020979669311,328,a a,a a*,b a*,b b,b b*,b* b 
1730291246693-898,0.48193768669215753,0.5094303445069097,0.8765012250873896,318,a a*,a* b,b a*,b b,b b*,b* b 
1730290726095-35,0.5051677114217523,0.2866089180676918,0.37190861401981845,338,a b*,a* a,b b,b b*,b* b,b* b* 
1730290966640-439,0.5102218142348774,0.0309244558380383,0.42323000321355936,318,a a*,a b*,a* a,a* b*,b a,b b 
1730291861735-1650,0.5179523365697809,0.26318782541451213,0.48459945262751236,318,a b*,a* a,b a,b a*,b b,b b* 
1730291066721-603,0.4891375856498483,0.1715781309595998,0.8207081113432413,318,a a*,a* b,b a,b a*,b b,b b* 
1730290723232-10,0.5677245168577348,0.5818452197136627,0.7662215882853617,298,a a*,a b*,b a*,b b,b b*,b* b 
1730291066721-603,0.501813676556432,0.1308340465851171,0.5838657187529989,328,a a*,a b,b a*,b b,b b*,b* a* 
1730291861735-1650,0.5212178896402023,0.33098174884280807,0.5569521020997463,308,a b*,a* a,b a,b a*,b b,b b* 
1730290728358-52,0.5246108982676118,0.27161374176006997,0.6566671411482526,308,a a*,a* b,a* b*,b a,b b,b b* 
1730290725075-26,0.4905475847496976,0.5728348954511557,0.3336933407696521,318,a* a,a* b*,b a,b* a,b* b* 
1730290728090-51,0.4823020967625975,0.08616220265706419,0.8283230268121333,328,a a*,b a*,b b,b b*,b* a*,b* b 
1730290791371-158,0.5164206649024056,0.3785073048667695,0.5666657278078113,318,a a,a a*,a* a,b b,b b*,b* a 
1730291066721-603,0.4921757956878515,0.1308340465851171,0.6898025721243318,328,a a*,b a,b b,b b*,b* a*,b* b 
1730290864900-272,0.7156169855528259,0.7416344485946446,0.563171576127621,277,a a,a b*,a* a,b* a,b* a*,b* b 
1730290791371-158,0.4800111509487919,0.27137612726177596,0.8283230268121333,328,a a*,b a*,b b,b b*,b* a*,b* b 
1730290981764-466,0.5126307606139803,0.06434674219917699,0.37551636912496505,358,a a,a a*,a b*,b b,b b*,b* b 
1730290724955-25,0.5122871172182241,0.04636816794622122,0.6260150436289631,318,a a*,b a,b a*,b b,b b* 
1730290981764-466,0.523673108498784,0.35669519843565844,0.6227136690698626,308,a a,a a*,a b*,a* b*,b b,b b* 
1730290800867-173,0.6980512787508056,0.32153580470168514,0.5381272598037092,277,a a,a b*,a* a,b* a,b* b 
1730290725075-26,0.4839026829172351,0.6338035195400803,0.8529241999092733,308,a a*,a* b,b a*,b b,b b*,b* b* 
1730290723232-10,0.5223026734927467,0.46981738990178956,0.539980051221928,308,a b*,a* a,a* b*,b b,b b*,b* b 
1730290728090-51,0.5295660903133219,0.17166234908380157,0.4799189467782742,298,a a,a* a,a* b*,b a,b* b,b* b* 
1730290728090-51,0.5626228981898731,0.17166234908380157,0.5544041906873405,298,a a,a* a,a* b*,b b*,b* b,b* b* 
1730290723232-10,0.510602736135403,0.3157058647567646,0.6891443228810485,318,a a*,a* b,b b,b b*,b* b 
1730294917039-5277,0.5170067942971761,0.4613497969705776,0.6530175830122639,318,a a*,a b,a b*,a* b,b b*,b* b 
1730313782062-27174,0.5029114643560616,0.32060343951771064,0.36761165136711554,338,a a*,a* a,a* b,a* b*,b b*,b* a 
1730295994458-6528,0.5078320218721972,0.08761629003080745,0.4943760135578835,308,a a,a b,a b*,a* a,b b,b* b 
1730290723232-10,0.5227002843125372,0.46981738990178956,0.5987547646167346,308,a b*,a* a,a* b,b a,b b,b b* 
1730291832165-1614,0.5060153833022478,0.15539795572482729,0.3609162233944455,348,a a*,b b,b b* 
1730290800867-173,0.7099417504163136,0.32153580470168514,0.5982408634180176,277,a a,a a*,a b*,a* a,b* b 
1730290864900-272,0.5752892016797913,0.4727894990286171,0.7231507296563315,298,a a*,a b*,b b,b b*,b* b 
1730295806029-6305,0.5211155313616311,0.5816224414372536,0.624152789145383,308,a a*,a* a,a* b*,b b,b b*,b* b 
1730295994458-6528,0.7129323528412923,0.1633618378401276,0.5737779285184421,277,a a,a b*,a* a,b b*,b* a*,b* b 
1730290732180-66,0.6619100858673105,0.3947239589157426,0.8126126749692797,277,a a,a a*,a* a*,b b*,b* a*,b* b 
1730299824263-11020,0.705256516843846,0.821251973220493,0.647537041321422,277,a a,a b*,a* a,b b,b* a*,b* b 
1730291246693-898,0.5074835530297009,0.5094303445069097,0.4329369856423458,318,a a,a b*,a* a,a* b*,b a,b b 
1730294917039-5277,0.5110715282318048,0.4613497969705776,0.6937280054385349,318,a a*,a b*,a* b,b b,b b*,b* b 
1730290725075-26,0.518935764038456,0.6338035195400803,0.7323214918320703,308,a a*,b b,b b*,b* b 
1730290987079-475,0.49764437996178834,0.19649988346196287,0.6284417477062633,328,a a*,a b,a* b,b b,b b*,b* b 
1730293261698-3324,0.5235682342514953,0.46138793389799937,0.7577134662682159,308,a a*,b a*,b b,b b*,b* b 
1730290800867-173,0.6740745898402558,0.32153580470168514,0.4934349250265689,277,a b*,a* a,a* b*,b a*,b* a,b* b 
1730290800867-173,0.713614702475624,0.32153580470168514,0.6707185712964485,277,a a,a a*,a b*,a* a,b b*,b* b 
1730295806029-6305,0.5693713316352689,0.6456166664846014,0.595183815569374,298,a a*,a* a,a* b*,b b,b b*,b* b 
1730313782062-27174,0.5048711673539131,0.32060343951771064,0.39176764846158985,338,a a*,a* a,b a*,b b*,b* b 
1730290728358-52,0.5646044579542581,0.3590926109522434,0.7725693733303286,298,a a*,a* b,b a*,b b,b b*,b* b 
1730291861735-1650,0.5183689361595646,0.26318782541451213,0.5321268934541548,318,a b*,a* a,a* b,b a*,b b,b b* 
1730290725075-26,0.4795536558325445,0.6338035195400803,0.41140444587035685,308,a* a,a* b*,b a,b* a,b* b* 
1730294917039-5277,0.5204533289612053,0.4613497969705776,0.50912757611361,318,a b,a b*,a* a,a* b*,b b*,b* b 
1730290725075-26,0.5089398919611858,0.5728348954511557,0.6629179825061249,318,a a*,b b,b b*,b* b 
1730290751377-96,0.5083847294827578,0.22029133263202072,0.4179268170149927,318,a a,a b,a b*,a* a,b a,b b 
1730336282736-53526,0.49359434805004315,0.07748906574375744,0.30588986295918275,358,a a*,a b,a* a,a* a*,a* b* 
1730295806029-6305,0.5034421117228552,0.026444753774976796,0.3101296893533563,358,a a*,a* a,a* b*,b b,b b*,b* b 
1730293343736-3418,0.511818863559636,0.2887952177109894,0.4157604492672346,328,a b*,a* a,a* a*,a* b*,b a*,b b* 
1730297022586-7746,0.5065556234016525,0.45015775091463217,0.37377874690761453,328,a a,a* a,a* b*,b b*,b* a,b* b* 
1730291066721-603,0.5071813828704487,0.1308340465851171,0.5088897201135874,328,a a*,a* a,b a*,b b,b b*,b* a* 
1730291066721-603,0.5156247810502103,0.1715781309595998,0.5819957400746636,318,a a*,a* a,a* b,b b,b b*,b* a* 
1730290732012-65,0.7100432442799613,0.6724796967525738,0.5430388578469453,277,a a,a* a,b a,b* a,b* a*,b* b 
1730290800867-173,0.6690242377357766,0.32153580470168514,0.7703419503989044,277,a a*,a b*,b b*,b* b,b* b* 
1730291861735-1650,0.6929170446737627,0.5300411298105328,0.499836843853532,277,a a,a* a,a* b*,b a,b* a*,b* b 
1730291246693-898,0.5115236493695424,0.4178866014447139,0.44860486269840943,328,a a,a b*,a* a,b a*,b b*,b* a 
1730338789855-55888,0.5136938734052802,0.126161509063923,0.6260276457265874,318,a a*,a b*,b b 
1730297022586-7746,0.5036976608466585,0.45015775091463217,0.5257723632592965,328,a a,a a*,a* b,b b,b b*,b* b* 
1730290724955-25,0.5070029855483483,0.03345601714574422,0.5088897201135874,328,a a*,a* a,b a*,b b,b b*,b* a* 
1730338789855-55888,0.5178074677089255,0.0330614449267592,0.4023711974822953,358,a a*,a b*,b b 
1730336282736-53526,0.5024243751505377,0.07748906574375744,0.4398243635632314,358,a b,a* a,a* a*,a* b,a* b* 
1730291246693-898,0.5042581868420069,0.2007573044439795,0.3769193419564873,338,a a,a b*,a* a,b a*,b b*,b* a 
1730290724955-25,0.5250573771612411,0.22025357720655084,0.4930877429160817,298,a* b*,b a,b b,b* a,b* a*,b* b 
1730290961814-430,0.4864909740376214,0.11744625482083128,0.8130348343237321,318,a a*,a b,b a*,b b,b b* 
1730290726095-35,0.6843901326555308,0.6460243568833957,0.816549661486199,277,a a*,a* a,b b,b b*,b* a*,b* b 
1730293261698-3324,0.5656249125496008,0.6384846344215138,0.763437509104903,298,a a*,a b*,a* b,b b,b b*,b* b 
1730290725320-28,0.7071475851540154,0.7549315520880646,0.6652687825070762,277,a a,a b*,a* a,b a*,b* a*,b* b 
1730290961814-430,0.565506594157813,0.1954890452310778,0.7845111299937035,298,a a,a a*,a* b,b b,b b*,b* b 
1730318140162-32207,0.4939430906880136,0.27861654837405525,0.305120937542484,338,a a,a* a,a* b*,b a,b b,b b* 
1730290724955-25,0.48831317855161704,0.03345601714574422,0.6775341097195152,328,a a,a a*,a* b,a* b*,b b,b b* 
1730293261698-3324,0.5106668296862499,0.08706311997547192,0.3719246756433335,328,a* a,a* b,a* b*,b a,b b*,b* a 
1730291246693-898,0.5153571894839926,0.4178866014447139,0.431179647507513,328,a a,a b*,a* a,b a*,b b* 
1730290727616-48,0.5068383535334697,0.29538088570465326,0.41615196911968777,318,a a*,a b*,a* a,a* b*,b a,b* a* 
1730291246693-898,0.5191778707184262,0.5094303445069097,0.5032899419816288,318,a a,a b*,a* a,b a*,b b* 
1730348086844-61935,0.4995783601267215,0.10337975786590145,0.30955924830404025,348,a a*,a* a,b b 
1730290725075-26,0.49508161335684614,0.3871966152219049,0.4407971532796081,338,a a*,b a*,b b,b b*,b* a,b* a* 
1730291066721-603,0.5094078405914482,0.2138644059911218,0.4901508616021895,308,a a*,a b,a b*,a* a,a* b*,b b 
1730297022586-7746,0.4884288918238326,0.45015775091463217,0.7474585270544721,328,a a*,a* b,b a,b a*,b b,b b* 
1730290732180-66,0.5146659762545746,0.042219565750482434,0.36084000792955356,358,a b,a b*,a* b*,b a*,b b*,b* b 
1730290723232-10,0.5664188775223657,0.5818452197136627,0.5523405025518981,298,a a,a* a,a* b*,b b,b b*,b* b 
1730290723232-10,0.49038613166710027,0.1942648466980664,0.697435283058089,328,a a*,a b*,b a*,b b,b b*,b* b 
1730291246693-898,0.48475016086595973,0.4178866014447139,0.7522165748716554,328,a a*,a* b,b a*,b b,b b*,b* b* 
1730290744842-86,0.7006454956518272,0.38478410426466825,0.7092172364160887,277,a a,a a*,a* a,b b*,b* a*,b* b 
1730313782062-27174,0.48681031383082013,0.32060343951771064,0.4417084484051551,338,a a*,a* a,a* b,b a*,b b,b b* 
1730290751377-96,0.6651631902850291,0.4753555640919675,0.8498817286717705,277,a a,a a*,a b*,a* a*,b b*,b* b 
1730290800867-173,0.6945745764857606,0.32153580470168514,0.6990477556402802,277,a a,a a*,a b*,b b*,b* b 
1730338789855-55888,0.5165371095575804,0.04992580416763992,0.4023711974822953,348,a a*,a b*,b b 
1730295806029-6305,0.5261813969495083,0.6456166664846014,0.875846973131028,298,a a*,b a*,b b,b b*,b* b,b* b* 
1730290724955-25,0.5244101743850262,0.0940208666148274,0.5990852670215733,308,a a*,a* a,b a,b b,b b* 
1730297022586-7746,0.508166141387144,0.45015775091463217,0.4575194124774931,328,a a,a a*,a* a,a* b*,b b*,b* a* 
1730290728090-51,0.5074473074997659,0.06258213722613078,0.44345497740205875,338,a b*,b b,b* a* 
1730290725075-26,0.5316671094391667,0.6889964877411459,0.4873342385230217,298,a b*,a* a,b a,b b,b* a,b* b 
1730290732180-66,0.5484934632655035,0.2786562113089135,0.819866020998095,298,a a*,a* b,b b,b b*,b* b,b* b* 
1730290732180-66,0.48619074873581686,0.23350908838480877,0.880680323546578,308,a a*,a* b,b b,b b*,b* b,b* b* 
1730290726095-35,0.5018518260511806,0.2866089180676918,0.39541875750938593,338,a b*,a* b,b b,b b*,b* b,b* b* 
1730301720368-13239,0.5044119466691408,0.17262421988290605,0.45634503249437686,338,a b*,b a*,b* a* 
1730295994458-6528,0.5414400465832031,0.1094057983707836,0.5154502654509521,298,a b*,a* a,b a,b a*,b b,b* b 
1730290728090-51,0.5672979237572684,0.17166234908380157,0.6907339696134936,298,a b*,a* b*,b b,b b*,b* b 
1730290856476-259,0.7074838907682575,0.26403008885489676,0.5350801392636262,277,a a,a* a,b a*,b* a,b* a*,b* b 
1730290725075-26,0.4875289725058604,0.5728348954511557,0.7743150950840094,318,a a*,a b,b a,b b,b b*,b* b* 
1730294917039-5277,0.5230681074379496,0.529844682959805,0.699269112036417,308,a a*,a* b,b a,b a*,b b,b b* 
1730290726836-41,0.7045683895287694,0.4304841299843703,0.4960670783791177,277,a a,a b*,a* a,b a,b* a,b* b 
1730291861735-1650,0.47954284342587683,0.03853539160088492,0.30655569905933466,338,a b,a b*,a* a,a* b*,b a,b b* 
1730290728090-51,0.485460439276749,0.08616220265706419,0.7522165748716554,328,a a*,a* a*,a* b,b a*,b b,b b* 
1730295806029-6305,0.5005411769249892,0.3176830594990986,0.5711549773191498,328,a a*,a* b,a* b*,b b,b b*,b* b 
1730297022586-7746,0.48679628670827446,0.45015775091463217,0.7519761296005166,328,a a*,a b,a* b,b a*,b b,b b* 
1730295994458-6528,0.518921907846085,0.08761629003080745,0.5580541228577656,308,a a,a b*,a* a,b b,b b* 
1730290856476-259,0.5017082294144594,0.04610722181433063,0.6052016511133971,328,a a*,b a,b a*,b b,b b*,b* a* 
1730290728090-51,0.5024832973588004,0.08616220265706419,0.5878481017791547,328,a a*,a b*,b a*,b b,b b*,b* a* 
1730290981764-466,0.5253873442945417,0.35669519843565844,0.6634400584445072,308,a a*,a* a,b b,b b*,b* b 
1730291246693-898,0.4880624256022219,0.4178866014447139,0.6404555224116519,328,a a*,a* b,b a*,b b*,b* b,b* b* 
1730290966640-439,0.6919530335651908,0.2445002480811659,0.69090822561849,277,a* a,b a,b a*,b b*,b* a*,b* b 
1730295806029-6305,0.527066814123679,0.6456166664846014,0.8252699246918265,298,a a*,b a,b b,b b*,b* b,b* b* 
1730290732180-66,0.5699961465075716,0.2786562113089135,0.6890196723021855,298,a a,a a*,b b,b b*,b* b,b* b* 
1730293343736-3418,0.5017705330390557,0.2887952177109894,0.37208717858928275,328,a b*,a* a,b a,b b,b b*,b* a 
1730299824263-11020,0.6912806336728019,0.821251973220493,0.49976913016337277,277,a b*,a* a,a* b*,b a,b* a*,b* b 
1730290987079-475,0.5175779207915953,0.3544122609346991,0.5407770364648952,318,a b,a* a,a* b,b b,b b*,b* b 
1730290745597-87,0.5663882782809795,0.39932872722895885,0.5534623338571909,298,a a,a b*,a* a,b a,b b*,b* b 
1730290728090-51,0.5229788268252867,0.14094095116115213,0.6585036944254735,308,a a*,a b*,a* a,b b,b b* 
1730290728358-52,0.5110504144095852,0.27161374176006997,0.48331662258325675,308,a* a,a* b*,b a,b b,b b*,b* a 
1730290961814-430,0.5239595339839059,0.1954890452310778,0.8751551313490548,298,a a*,a* b,b b,b b*,b* b,b* b* 
1730290864900-272,0.48685094484776126,0.2834158804971986,0.8160274181158321,318,a a,a a*,a b,b a*,b b,b b* 
1730295806029-6305,0.4880743508975624,0.48591861567058287,0.7710097223332968,318,a a*,a b,a* b,a* b*,b b,b b* 
1730290966640-439,0.6758216062424356,0.2445002480811659,0.830585453467808,277,a a*,a b*,b a*,b b*,b* a*,b* b 
1730291246693-898,0.49027143695214115,0.4178866014447139,0.30798670472662826,328,a b*,a* a,a* b*,b a,b b,b* a 
1730290961814-430,0.49509059943834827,0.0836694712753714,0.629954130608535,328,a a,a a*,b a,b b,b b*,b* b 
1730290966640-439,0.4993012413245817,0.0486184110207399,0.4808730972820561,308,a a*,a* b*,b a,b b,b* a 
1730297022586-7746,0.49674665944162283,0.45015775091463217,0.6491622239897006,328,a a*,b a,b a*,b b,b b* 
1730297022586-7746,0.4999807637248157,0.45015775091463217,0.5751026314317463,328,a a,a a*,b a,b a*,b b,b b* 
1730295806029-6305,0.5552408891836801,0.6456166664846014,0.5557063353710914,298,a a*,a* a,a* b*,b b*,b* a,b* b 
1730290800867-173,0.6552906826222836,0.32153580470168514,0.8183350526949021,277,a a,a a*,a b*,b b* 
1730290961814-430,0.5373933660138804,0.1954890452310778,0.8289860183277693,298,a a*,a* b,b b,b b*,b* a*,b* b 
1730290724846-24,0.5755150229165983,0.5200721068983051,0.6548903769347039,298,a a*,a b,a* b*,b b,b b*,b* b 
1730291066721-603,0.4878394752030921,0.2138644059911218,0.8627895755945418,308,a a*,a* b,b a*,b b,b b*,b* b* 
1730291066721-603,0.523921844282371,0.2138644059911218,0.5699869063755155,308,a a*,a* b*,b a,b b,b b*,b* a 
1730295806029-6305,0.48563081500072597,0.3176830594990986,0.7543819846579042,328,a a*,a b,b a,b a*,b b,b b* 
1730290723232-10,0.5694019052537832,0.5818452197136627,0.7355920127295572,298,a a,a a*,a b*,b a*,b b*,b* b 
1730290725075-26,0.5649502058489225,0.6889964877411459,0.6307760528833033,298,a b,a* b*,b b,b b*,b* b,b* b* 
1730290728358-52,0.5248895666943515,0.27161374176006997,0.5983144133405599,308,a a*,a* a,b a,b b,b b*,b* a 
1730338789855-55888,0.5084831543677621,0.04992580416763992,0.37202680593694104,348,a a*,a b*,b a,b b 
1730293261698-3324,0.4882144079508485,0.20500669993536358,0.8144050494543721,318,a a*,a* b,b a,b a*,b b,b b* 
1730290726095-35,0.6908936772381115,0.6460243568833957,0.7646457358076331,277,a* a,b a*,b b,b b*,b* a*,b* b 
1730290726095-35,0.6922271568044303,0.6460243568833957,0.7153523860172999,277,a a,a a*,a* a,b b,b* a*,b* b 
1730297022586-7746,0.49283534764274267,0.45015775091463217,0.29752300863279096,328,a b*,a* a,a* b*,b b,b* a 
1730299824263-11020,0.7027021015891808,0.821251973220493,0.553453871135563,277,a b,a b*,a* a,b* a,b* a*,b* b 
1730291861735-1650,0.530089909467468,0.39057204631230047,0.8533544759292137,298,a a*,b a,b a*,b b,b b*,b* b 
1730290728945-53,0.7059996970622897,0.6944319629119903,0.6257997128099904,277,a a,a* a,b b*,b* a,b* a*,b* b 
1730295994458-6528,0.5106913123815547,0.05132752904387736,0.44245314667742636,328,a a,a b*,a* a,b b,b b* 
1730290726836-41,0.5252529352052998,0.25981051927567606,0.4849397806802155,298,a a,a b*,a* a,b a,b* a,b* b 
1730290724955-25,0.51699958020179,0.04636816794622122,0.498051017951035,318,a a*,a* a,b a,b b,b b*,b* a 
1730294917039-5277,0.5024683397139456,0.4613497969705776,0.3601609988674113,318,a* a,a* b*,b a,b b,b* a,b* a* 
1730290751377-96,0.5161406828178272,0.32097821438993607,0.49672045433315426,298,a a,a b,a b*,a* a,a* b*,b b 
1730295994458-6528,0.7158899820174791,0.1633618378401276,0.5383730444562596,277,a a,a b*,a* a,b* a,b* a*,b* b 
1730290724846-24,0.5578239796948021,0.5200721068983051,0.5557063353710914,298,a a*,a* a,a* b*,b b*,b* a,b* b 
1730291861735-1650,0.7053121003828356,0.5300411298105328,0.8074448596331407,277,a a,a a*,a b*,a* a,b b*,b* b 
1730290724955-25,0.5216491642399522,0.0940208666148274,0.6881164051861065,308,a a*,a* a,a* b,b b,b b* 
1730297022586-7746,0.49299962569520384,0.5407512162399017,0.7602022589453836,318,a a*,a* b,b b,b b*,b* a*,b* b 
1730291861735-1650,0.5146453850947454,0.11749475323410584,0.4282811438530808,328,a b*,a* a,a* b*,b a*,b b*,b* b 
1730295994458-6528,0.5108614746968664,0.05132752904387736,0.4142987234356139,328,a a,a b*,a* a,b b,b b*,b* a 
1730290725075-26,0.5043875487388714,0.08257280775764446,0.35865144571666185,348,a b*,a* a,b b,b b*,b* a,b* b 
1730291066721-603,0.5085723949684559,0.1715781309595998,0.41974335926940454,318,a a,a a*,a* a,a* b*,b b,b* a 
1730293343736-3418,0.5101442263754618,0.2887952177109894,0.4418614658552513,328,a b*,a* a,a* a*,b a*,b b*,b* b 
1730290791371-158,0.4898331191341093,0.3785073048667695,0.7755877741548731,318,a a*,a* a*,a* b,b a,b b,b b* 
1730290728090-51,0.5675218213359082,0.17166234908380157,0.5921436045052229,298,a b*,a* b*,b a*,b b,b b*,b* b 
1730291066721-603,0.5178979679420436,0.1715781309595998,0.5565377208396558,318,a a*,a b*,a* a,b b,b b* 
1730290728945-53,0.7017066136977669,0.6944319629119903,0.49101490583438634,277,a a,a* a,a* b*,b* a,b* a*,b* b 
1730299824263-11020,0.6693208895521389,0.821251973220493,0.8194354599209821,277,a a*,a* a,a* a*,b a*,b b*,b* b 
1730290751377-96,0.6962044460089011,0.4753555640919675,0.5614716952371828,277,a b,a b*,a* a,b b*,b* a*,b* b 
1730290725075-26,0.4848228669507945,0.6889964877411459,0.43132429411751017,298,a* a,a* b*,b a,b* a,b* b* 
1730290751377-96,0.7013510331231143,0.4753555640919675,0.4883718310686695,277,a b,a b*,a* a,b* a,b* a*,b* b 
1730290792214-159,0.508932320195687,0.5822819256059418,0.8750193607801606,298,a a*,b a*,b b*,b* b,b* b* 
1730290987079-475,0.5115113376888063,0.19649988346196287,0.46248083917463834,328,a b,a* a,a* b*,b a*,b b*,b* b 
1730291246693-898,0.487007519195786,0.4178866014447139,0.6912824062618368,328,a a*,b a,b a*,b b*,b* b,b* b* 
1730299824263-11020,0.7051799029868316,0.821251973220493,0.7365688209643078,277,a a,a b*,a* a,b b,b b*,b* b 
1730290725075-26,0.5073488603321934,0.5042354001720863,0.5111924568614648,328,a a*,a b*,b a,b a*,b b* 
1730290791371-158,0.48739572690788935,0.3785073048667695,0.822396840596721,318,a a*,a* a*,a* b,b a*,b b,b b* 
1730290744842-86,0.683045293843276,0.38478410426466825,0.7579455360081093,277,a a*,a* a,b b*,b* a*,b* b 
1730290724955-25,0.5180179912940587,0.04636816794622122,0.5975371105464846,318,a a,a a*,a* a,b b,b b* 
1730290725320-28,0.4844688478584752,0.5124403627895234,0.8269130106338581,308,a a,a a*,a* a*,b b,b b*,b* b* 
1730290864900-272,0.5015257339419958,0.2112804265211776,0.5820579836240927,328,a a*,a* b,b a*,b b*,b* b 
1730290723232-10,0.518135877811687,0.3157058647567646,0.6367820769645365,318,a a,a a*,a b*,b b,b b*,b* b 
1730290732180-66,0.551066015882257,0.2786562113089135,0.7802190132602003,298,a a*,a* b,b b*,b* b,b* b* 
1730290981764-466,0.5691591362699256,0.43315698082272097,0.6089481934895823,298,a a,a a*,a* b*,b b,b b*,b* b 
1730290981764-466,0.6971819455450549,0.5851457444823123,0.7738750861676387,277,a a*,a b*,a* a,b a*,b b*,b* b 
1730295994458-6528,0.6786749207137891,0.1633618378401276,0.48582005879557444,277,a b,a b*,a* a,a* a*,b* a,b* b 
1730290791371-158,0.4956214406069023,0.27137612726177596,0.6682064686481012,328,a a,a a*,b a*,b b,b b*,b* b 
1730290864900-272,0.48138694944703697,0.2112804265211776,0.8283230268121333,328,a a*,b a*,b b,b b*,b* a*,b* b 
1730297022586-7746,0.5097675006379876,0.6052949852372193,0.8197154161394163,308,a a*,a* b,b b,b b*,b* b 
1730297022586-7746,0.5247123391387192,0.6052949852372193,0.7768575145382705,308,a a*,a b*,a* b,b b,b b*,b* b 
1730290864900-272,0.7042054378210163,0.7416344485946446,0.544934141800019,277,a a,a* a,b b,b* a,b* a*,b* b 
1730290732180-66,0.5606187574096514,0.2786562113089135,0.6257329903618228,298,a a,a b*,a* b*,b b*,b* b 
1730290725075-26,0.48690118474970345,0.5042354001720863,0.7250532228241876,328,a a*,a b,a* b,b a,b b,b b* 
1730295806029-6305,0.5250605243824737,0.5816224414372536,0.7241121299454077,308,a a*,a b*,b a*,b b,b b*,b* b 
1730291861735-1650,0.7108896405499805,0.5300411298105328,0.7035799871962365,277,a a,a b*,a* a,b b*,b* a,b* b 
1730290725075-26,0.524989183132564,0.6889964877411459,0.8648649127517121,298,a a,a a*,b a*,b b,b b*,b* b 
1730290725075-26,0.5104648621136112,0.6338035195400803,0.7572507708359024,308,a a*,a b*,b b,b b*,b* b 
1730290966640-439,0.5012028627341408,0.02183025134780803,0.34907284697889795,328,a a*,a b*,a* a,a* b,a* b*,b b 
1730291861735-1650,0.6993168184098344,0.5300411298105328,0.6070499771028832,277,a b*,a* a,b a*,b b*,b* a,b* b 
1730290726095-35,0.5129981290626664,0.36772930491588435,0.37002808210351995,328,a b*,a* a,a* b*,b b*,b* a,b* b* 
1730297022586-7746,0.5754784660428596,0.6623797634776059,0.7380450786323369,298,a a*,a b*,a* b,b b,b b*,b* b 
1730290725320-28,0.6955315394646658,0.7549315520880646,0.7156314555575141,277,a a,a a*,a b*,a* a,b b,b* b 
1730291832165-1614,0.5216623564953995,0.4063762346947763,0.694815306056153,308,a a*,b b,b b* 
1730290751377-96,0.5116766840187197,0.17333506248735897,0.4514335263256031,328,a b,a b*,a* a,b a,b b*,b* a* 
1730290725075-26,0.5636941206244318,0.6889964877411459,0.756996868036624,298,a a*,a b*,b b,b b*,b* b 
1730290724955-25,0.5175288307413156,0.04636816794622122,0.5524631985939286,318,a a*,a* a,b a*,b b,b b*,b* a 
1730290981764-466,0.5136851989896392,0.28729821559322727,0.5822455246551079,318,a a,a a*,a b*,b b,b b*,b* b* 
1730293261698-3324,0.5226195073785702,0.46138793389799937,0.6591715717013222,308,a a*,b a,b a*,b b,b b* 
1730290728358-52,0.5635501923902426,0.3590926109522434,0.699222885347589,298,a b*,b a*,b b,b b*,b* b,b* b* 
1730295994458-6528,0.5295057335881166,0.1094057983707836,0.49907939034298565,298,a b*,a* a,b a,b a*,b* a,b* b 
1730293343736-3418,0.49131676223397275,0.2887952177109894,0.30848241342535887,328,a b,a* a,a* b,a* b*,b b,b* a 
1730372843117-94063,0.5996490559994858,0.12425810555638418,0.6738304216750571,277,a a,a a*,a b 
1730299824263-11020,0.7005585101081069,0.821251973220493,0.622608138904051,277,a a,a b*,a* a,b b*,b* b 
1730291246693-898,0.5176261971893218,0.5694558910480139,0.6430583703030176,308,a a*,b a,b a*,b b,b b*,b* a* 
1730290966640-439,0.6979410258233899,0.2445002480811659,0.6161075766721535,277,a a,a* a,b a*,b b,b* a*,b* b 
1730290966640-439,0.6826237146222244,0.2445002480811659,0.7740289080706606,277,a a,a a*,a b*,b b*,b* a*,b* b 
1730290751377-96,0.6992853011124993,0.4753555640919675,0.6817292243089184,277,a a,a b*,b b*,b* a,b* a*,b* b 
1730291246693-898,0.5111766596516557,0.4178866014447139,0.37377874690761453,328,a a,a b*,a* a,a* b*,b b*,b* a 
1730290745597-87,0.5384860071503248,0.39932872722895885,0.4942521614084295,298,a a,a b*,a* a,b a,b* a*,b* b 
1730290966640-439,0.7041110372138304,0.2445002480811659,0.6279038988808473,277,a b*,a* a,b a*,b b*,b* a*,b* b 
1730295806029-6305,0.570531379071166,0.6456166664846014,0.6754402005553076,298,a a*,a b*,b a*,b b,b b*,b* b 
1730373350439-94911,0.5132394823650922,0.06450701493507549,0.4119110673781483,348,a a*,a b*,b* a* 
1730290856476-259,0.7020397342377571,0.26403008885489676,0.6372913698963364,277,a a,a b,a b*,a* a,b b*,b* b 
1730290966640-439,0.7050337242886483,0.2445002480811659,0.5405319657144589,277,a b*,a* a,b a*,b* a,b* a*,b* b 
1730291246693-898,0.5039922081289366,0.5694558910480139,0.4766396684364959,308,a a,a b,a b*,a* a,b b,b* a 
1730290792214-159,0.5252094307615713,0.5822819256059418,0.8157683099995652,298,a a*,b a,b b,b b*,b* b,b* b* 
1730290732180-66,0.5123026688983238,0.18951823958377187,0.6501391872547773,318,a a,a a*,b b,b b*,b* b,b* b* 
1730290981764-466,0.5695211685128282,0.43315698082272097,0.6831232600580487,298,a a*,a* b*,b a*,b b,b b*,b* b 
1730372843117-94063,0.653459556983303,0.12425810555638418,0.6890303713616973,277,a a,a a*,a b,b* b 
1730297022586-7746,0.5059455250285672,0.5407512162399017,0.7031222134132169,318,a a*,a* b,b a*,b b*,b* b 
1730290725075-26,0.5521195086053181,0.6889964877411459,0.7023948175845772,298,a a*,a b*,a* a*,b b*,b* b 
1730372843117-94063,0.677080283084837,0.12425810555638418,0.6223764833080556,277,a a,a a*,a b,a b*,b* b 
1730290751377-96,0.6966274857457212,0.4753555640919675,0.6127605558223095,277,a a,a* a,b b*,b* a*,b* b 
1730290728945-53,0.511081632715325,0.5420163172134359,0.8780119445722607,298,a a,a a*,a b*,b a*,b b*,b* b 
1730295806029-6305,0.4846067420507383,0.48591861567058287,0.813275279594871,318,a a*,b a*,b b,b b*,b* b* 
1730295806029-6305,0.4985313917713898,0.5816224414372536,0.5206290375611571,308,a a*,a* a,a* b*,b b,b* b 
1730372843117-94063,0.6536911939784141,0.12425810555638418,0.5607929457162987,277,a a,a a*,a b,a* a 
1730290864900-272,0.4818030964218075,0.2112804265211776,0.7632021129624555,328,a a,a a*,a b,b a*,b b,b b* 
1730299824263-11020,0.6949291392079644,0.821251973220493,0.7549917740804366,277,a a,a b*,a* a,a* b,b b*,b* b 
1730290728358-52,0.524300022146632,0.27161374176006997,0.5547892649322543,308,a b*,a* a,b a,b b,b b*,b* b 
1730295806029-6305,0.4881104363547787,0.3176830594990986,0.7250532228241876,328,a a*,a b,a* b,b a,b b,b b* 
