ind_name, fitness,scaled_energy,b/c,temp,strand_set,
1736091839528-23,0.6880126956956562,0.8526208050215092,0.7522893355781155,298,a a c,e c* c*,e f d*,e* d e*,f b a* 
1736091875427-81,0.6962908514681265,0.7861614701036963,0.25644905606554075,298,b b d*,b* d* d*,c* c d*,e a e*,e* f* b 
1736091839528-23,0.7124506377068698,0.7928231258116568,0.6696132338321092,308,a a c,e c* c*,e f d*,e* d e*,f b a* 
1736091881582-90,0.7247511824854173,0.7504417252334159,0.5901346019393775,318,a* a* c*,c b f,c* d* e,d b b*,d* d e*,f f* b 
1736091876085-82,0.6188007474321293,0.2985334947195624,0.14953259316383458,298,a* c e*,d* c c,f* a* a*,f* e b*,f* e f* 
1736092138593-452,0.6403895938262341,0.43455358326243654,0.19319165379558795,308,a* e d*,b* e* a*,b* e* d*,d* c* b* 
1736092033984-310,0.6217046677732663,0.3243744092918758,0.12148342142645999,308,a* f* d*,a* f* e,e* e d*,f* d* b* 
1736092214219-551,0.5932099774117731,0.43504794352249854,0.21790355732422692,277,b a b,b b c*,d* a f 
1736091863677-63,0.7594286749506594,0.6135022704409162,0.7631038109244979,328,a* a a*,c d* a,d e e,f* e* c 
1736091850190-41,0.6949620224852268,0.5424194171973603,0.36751990026046427,298,c* d* e,d f b,d* d* e,d* f e 
1736091831464-10,0.7815539636417691,0.05861140742971963,0.73725355602181,358,b c* c*,b d* b,e* d b*,f e* b* 
1736091881582-90,0.7004010810752656,0.8938833242281196,0.5477372087285495,298,a* a* c*,c b f,c* d* e,d b b*,d d e*,f f* b 
1736091864293-64,0.663798121304541,0.6444701195103738,0.18012111430867261,308,b* c* e*,c a* d,c* a* c,e* a e,f e b*,f* c f 
1736091877428-84,0.7049496347215972,0.6797017794055761,0.3591760323722679,308,a* f e*,b* c* e,c* c b*,f c* a* 
1736091873066-77,0.7000992106985506,0.6772369703431614,0.536369332953699,298,a* a b*,a* b b,d* c f,d* d* e,f* b e 
1736091875427-81,0.7863656415929844,0.11827357762721202,0.7348182567152686,358,a c f*,b b d*,b* d* d*,c* c d*,c* f* c,e* f* b 
1736091986018-242,0.6970344731573479,0.4059076210895743,0.5682082866404498,298,a c e*,d* c b,e* a a*,f c f* 
1736091849048-39,0.7046513909805386,0.4475084043134908,0.3105406888528987,308,a* c* c,b* d e*,d* c* b*,e* e f*,f* c* b* 
1736092362261-728,0.5987797284493153,0.8762895401245874,0.08273317243145221,298,b* b b,c* e c,d* a* b*,d* b d,e* e a* 
1736091852139-44,0.6943116673062414,0.44521886999040433,0.3106700582922694,298,b* a* d,b* b c*,c* c b,f* b f 
1736091858839-56,0.7103102189315416,0.644582644923112,0.30238246248502715,318,b* b* e,b* d d*,d a f*,d* e* a*,f* a f 
1736091839528-23,0.7798187609554981,0.0983069053104005,0.8858641819110834,348,a a c,e c* c*,e f d*,e* d e*,f b a* 
1736092235699-578,0.6881641298882714,0.7096222152118167,0.2663393545299107,308,d b* e*,d e d,d f* b,f a c*,f d* b* 
1736091876760-83,0.7756792649499442,0.12964954184965452,0.695875445902936,338,b* d a*,b* e* a*,c* f* b*,f* b* b*,f* c a,f* e c* 
1736091881582-90,0.7815539636417691,0.20637766431273244,0.7193169090076684,358,b d* d*,c* d* e,d a* c*,d b b*,e a* f*,f f* b 
1736091986018-242,0.6300042497988466,0.4059076210895743,0.05768186248589515,298,a a b*,a c e*,a e d*,e* a a* 
1736091864293-64,0.7053805135542776,0.6444701195103738,0.42063953557663514,308,b* c* d,c a* d,e* a e,f e b*,f* c f 
1736091858839-56,0.7780214791945713,0.35190195159532717,0.695875445902936,338,b* b* e,d a f*,d* e* a*,f d* e 
1736091875427-81,0.7862439179733081,0.11827357762721202,0.8325893648570227,358,a c f*,b b d*,b* d* d*,c* f* c,d* d* f,e* f* b 
1736091875125-80,0.7125991938093583,0.9266072755905603,0.86113928821105,277,a a c*,b* f f,c b a,c* f d,e* b d*,f* f a 
1736091857962-54,0.7148323270031428,0.7590726858579397,0.6546342246654153,277,b* a* f,b* e a,d e b*,d* d b*,e* e b*,e* f e 
1736091881582-90,0.6622771368128978,0.8419645367268378,0.2076888352741541,308,a* a* c*,c b f,c* d* e,d b b*,f f* b 
1736091875427-81,0.7660703276333973,0.4778884844192622,0.7631038109244979,328,a c f*,b b d*,b* d* d*,c* a b,d f a,d* c* d 
1736091856594-52,0.7237846850049938,0.3389328709925161,0.5459543586658493,318,a a b*,c* d c,c* d* a,d* a b,f e b,f f c 
1736091881582-90,0.7053805135542776,0.8419645367268378,0.3646288852338854,308,b b a,b b c*,c* d* e,d b b*,d* d e*,f f d* 
1736091881582-90,0.707924160096167,0.8419645367268378,0.49131149392574236,308,a* a* c*,c b f,d b b*,f f* b 
1736091849048-39,0.6705594687702862,0.4475084043134908,0.24664441571066564,308,a* c* c,b* c b,e* e f*,f* c* b* 
1736091881582-90,0.7134602974420685,0.9562097042236638,0.51430448996208,277,a* a* c*,c a* d,c* d* e,d b b*,d* d e*,f f* b 
1736091882272-91,0.7135058220065904,0.6461645999789929,0.5153494463064983,308,a b a,c d* e*,d c e*,d* d c,e e c* 
1736091881582-90,0.7814269129253212,0.20637766431273244,0.8325893648570227,358,c* d* e,d b b*,e a* f*,f f* b 
1736091876760-83,0.7238825705552397,0.594709405105828,0.5100478344472651,298,b* e* a*,c* f* b*,f* b* b*,f* c a,f* e c* 
1736091881582-90,0.7119073123655684,0.8419645367268378,0.527265680283128,308,b b c*,c* d* e,c* f* e,d b b*,d* d e*,f f d* 
1736091858839-56,0.7202088633169148,0.8253419037461833,0.36954862334595034,298,a* c b*,b* b* e,b* d d*,d a f*,d* e* a* 
1736091873066-77,0.6969882573160673,0.6772369703431614,0.49011294536356476,298,b* f* f*,d* c f,d* d* e,f f* c,f* b e 
1736091858839-56,0.719055686151685,0.8253419037461833,0.3106700582922694,298,b* b* e,b* b* f,b* d d*,d a f*,d* e* a* 
1736092290840-645,0.6838962834407832,0.5650421083902113,0.07349972766456515,308,a a b,a f* a,c e f,d* e* d,e* b* c* 
1736091876085-82,0.7166728046150401,0.4453981090201591,0.680955723171849,277,a c f*,a* c e*,d* c c,f* e b*,f* e f* 
1736091875427-81,0.7747387937250868,0.2802007103493234,0.7533408302780631,338,a c f*,b b d*,b* d* d*,d f a,d* c* d 
1736091881582-90,0.7046513909805386,0.8419645367268378,0.3105406888528987,308,b b c*,c* d b,c* d* e,d b b*,d* d e*,f f d* 
1736091875427-81,0.7678547503825509,0.4778884844192622,0.5951711863551968,328,b b d*,b* d* d*,c* a b,d f a,d* c* d 
1736092650696-1032,0.7795912073958701,0.3456677379065519,0.8589994632988891,348,a* a f,a* b* e,b b a,c* e d* 
1736094974941-2246,0.7083948904239183,0.6636822880497584,0.46222271639870627,308,c e* d*,c* e f*,e* a a*,f* a c* 
1736091876760-83,0.6828079825718466,0.594709405105828,0.15223539780274215,298,c* f* b*,f* b* b*,f* c a,f* e c* 
1736091876085-82,0.7134602974420685,0.4453981090201591,0.51430448996208,277,a c f*,a* c e*,d* c c,f d b,f* e b*,f* e f* 
1736093059129-1359,0.7222831810371678,0.8410833792056275,0.5487104889111915,318,a* b* b,b* b f,e e e*,f e f*,f* a a 
1736091875427-81,0.7349221281973755,0.7861614701036963,0.6762549336419752,298,b* d* d*,c e f*,c* c d*,e a e*,e* c c*,e* f* b 
1736091858839-56,0.7415778134018219,0.644582644923112,0.37587458255145556,318,b* b* e,b* d d*,c* c e*,d a f*,d* e* a*,e b c* 
1736091849048-39,0.7118740553917379,0.7053743308990919,0.5122757668765939,277,a* c* c,b* e b,d* a* e,d* c* b*,f* c* b* 
1736091852139-44,0.6396362440997901,0.44521886999040433,0.17904136368857165,298,a* f f*,b* a* d,b* b c*,c* c b,c* d b,f* b f 
1736091873066-77,0.7169444233199486,0.8152225850466128,0.6923235989466998,277,d* c f,d* d* e,f f* c,f* b e 
1736091830086-7,0.7127170645007409,0.366777944035988,0.522966607665875,298,a* b* a*,b* c f*,b* d* e,b* e* c*,d a f*,d* d* e* 
1736095724116-2536,0.759410300614267,0.6391993902453,0.7631038109244979,328,b d c,c b e*,d* b* c,d* c* e*,e d f 
1736091850815-42,0.7609056766427418,0.12280442138647249,0.715285024408841,328,a* d* c*,b* c* e,c* e* d,e* f b 
1736092235699-578,0.7197144824370879,0.5555951076463215,0.37841981365372773,318,a f* e,c* b a,d b* e*,d e d,f a c*,f d* b* 
1736091876085-82,0.6519241023133541,0.4453981090201591,0.3307271537455841,277,a* c e*,d* c c,f d b,f* e b*,f* e f* 
1736091849048-39,0.7187852154302629,0.3598837940902722,0.3605397451062669,318,a* c* c,d* a* e,d* c* b*,f* c* b* 
1736092877016-1236,0.7053805135542776,0.41036065670265953,0.3646288852338854,308,a f c*,b* e* f,c* b f,d a e,d* b d,f e* a 
1736091830086-7,0.7386097849095966,0.5985894607441284,0.7943823198045382,277,a* b* a*,b* c f*,b* d* e,d a f*,d* d* e*,f* a* f 
1736092290840-645,0.7393505038211325,0.8008477403734785,0.1779711404786916,277,a a b,a f* a,c e f,c* f* d,d f* a,e* f e 
1736091875427-81,0.7332194827712618,0.7861614701036963,0.5477372087285495,298,a c f*,b b d*,b* d* d*,c* a b,d a* b*,d f a 
1736091876085-82,0.7110841141034446,0.4453981090201591,0.45542592490839906,277,a c f*,a* c e*,d* c c,f d* f*,f* e b*,f* e f* 
1736091864293-64,0.6622771368128978,0.6444701195103738,0.2076888352741541,308,a e* a,b* c* d,c* a* c,c* f* e*,e* a e,f* c f 
1736091876085-82,0.7169444233199486,0.4453981090201591,0.6923235989466998,277,a* c b*,a* c e*,d* c c,f d b,f* e b*,f* e f* 
1736092138593-452,0.6453525404590271,0.43455358326243654,0.1716173601995917,308,a* e d*,b* e* a*,b* e* d*,f* c* e 
1736091864293-64,0.6956601701580692,0.7461919973705862,0.36954862334595034,298,b* a a*,c a* d,c* a* c,e* a e,f e b* 
1736091881582-90,0.7179298813756999,0.7504417252334159,0.3605397451062669,318,a* a* c*,b b c*,b* f d*,c b f,d b b*,f* c b* 
1736096656533-2879,0.7795912073958701,0.2660471244297336,0.8589994632988891,348,c e* b,d* f d*,e d f*,e* f f 
1736092045234-327,0.7634226349382293,0.3071055788736993,0.7150656298873145,328,a b* f*,c c d,d b c,d* b c,f e a* 
1736091876760-83,0.7416383044185039,0.4147093522344209,0.37587458255145556,318,a* e d,c a b,c* f* b*,f* b* b*,f* c a,f* e c* 
1736091858575-55,0.7613838356496911,0.12405760650371221,0.5951711863551968,328,b* a* a*,c c f,c d f,e b* f,f a* c* 
1736091830086-7,0.6181727193086958,0.2765326047430581,0.11423806517633431,308,a b e,a* b* a*,b* c f*,b* d* e,c b* e 
1736091830086-7,0.7425303645341375,0.5985894607441284,0.8820554971349551,277,a* b* a*,b* c f*,b* d* e,b* e* c*,d a f*,e b c* 
1736091856594-52,0.6226625899302356,0.4172096544150712,0.11402468817338539,308,a b* e*,b* c a,c f e,c* d c,f f c 
1736091834615-15,0.7145886442196276,0.22090391649598468,0.6207567986494307,308,c e d*,c* f* e*,d* b* b*,d* c f,e a* f,e* e* d* 
1736091830086-7,0.6945846925355764,0.366777944035988,0.36374682320249124,298,a* b* a*,b* d* e,c b* e,c e c*,d* d* e*,f c* c 
1736097122242-3050,0.7816268721004913,0.11103796693082588,0.6616842395413152,358,a a b,b* a* a,d c* b*,e* a* e 
1736091875427-81,0.729126152613014,0.6066095220479453,0.29604604223365494,318,b* d* d*,c* c d*,d d c,e a e*,e* c c*,e* f* b 
1736091858839-56,0.6401505632924642,0.8253419037461833,0.08273317243145221,298,a* c b*,b* d d*,d a f*,d d f*,d* e* a* 
1736091986018-242,0.7228335261547556,0.26827362066243104,0.33178015901192714,318,a a b*,a c e*,a e d*,c d d,e* e* e* 
1736091830086-7,0.7777300867864916,0.11178547174933938,0.682175965543491,338,a* b* a*,b* c f*,b* d* e,b* e* c*,d a f* 
1736091986018-242,0.6665036541476528,0.4059076210895743,0.1842823830377487,298,a a b*,a c e*,a e d*,a* d* b,e* a a* 
1736091876085-82,0.7004010810752656,0.2985334947195624,0.5477372087285495,298,a c f*,a* c e*,f d* f*,f* e b*,f* e f* 
1736091830086-7,0.7369668146471597,0.2765326047430581,0.6207567986494307,308,a* b* a*,b* c f*,b* d* e,b* e* c*,d a f* 
1736091830086-7,0.7283735471977387,0.366777944035988,0.6762549336419752,298,a* b* a*,b* c f*,b* d* e,b* e* c*,d a f*,f* d* b* 
1736091830086-7,0.7367414594437912,0.5985894607441284,0.4693579548018268,277,a d d*,a* b* a*,b* c f*,b* d* e,d a f*,d* d* e* 
1736092141067-455,0.7349221281973755,0.7018492947765127,0.6762549336419752,298,a e d,b* d* d*,c* a* c*,d* f c,e c e*,f e f* 
1736092362261-728,0.6949620224852268,0.8762895401245874,0.36751990026046427,298,b f c*,b* b b,c* e c,d* b d 
1736091875427-81,0.7539404056063257,0.6066095220479453,0.5961927238540308,318,b b d*,b* d* d*,c* a b,d a* b*,d f a 
1736092290840-645,0.6969190618169387,0.6462372772570174,0.042576723952510186,298,a a b,a f* a,c e f,c* b f*,d* e* d,e* b* c* 
1736091875427-81,0.7776561033067722,0.2802007103493234,0.6818674073553368,338,b* d* d*,c* c d*,d d c,e a e*,e* c c*,e* f* b 
1736091873066-77,0.7074145685799413,0.594881174837885,0.46222271639870627,308,d* b* f*,d* c f,d* d* e,f f* c,f* b e 
1736091858839-56,0.7443648950541201,0.644582644923112,0.6500052766153037,318,b* b* e,b* b* f,b* d d*,d a f*,d* a b*,d* e* a* 
1736091864293-64,0.7046513909805386,0.6444701195103738,0.3105406888528987,308,a e* a,a f e,b* c* d,c* f* e*,e* a e,f* c f 
1736091986018-242,0.7056292388149122,0.4059076210895743,0.2955372261178822,298,a a b*,a c e*,a e d*,a* f* b,e* a a* 
1736091881582-90,0.7218461267557383,0.7504417252334159,0.425333350888274,318,a e* e,b b c*,c b f,c* d* e,d b b*,d* d e* 
1736091830086-7,0.766988361050936,0.15028403418118857,0.7080427018792042,328,a* b* a*,b* c f*,b* d* e,b* e* c*,d a f*,d* d* e* 
1736092290840-645,0.7150977209280687,0.5650421083902113,0.1839204494908479,308,a a b,a f* a,c e f,d* e* d,e b c*,e* a e 
1736093878568-1787,0.7426547300290288,0.6563373891239521,0.7287671711588549,277,a e* d,b b* b*,b e* b,c* f* b*,d* d a,f e* f 
1736092220618-559,0.7613838356496911,0.5999447356422531,0.6035227245247176,328,a* e d*,b f b,c e* f*,c f d,c f* a*,f d* f 
1736092807433-1182,0.7660703276333973,0.38462980711293704,0.7631038109244979,328,a b* a*,a d* b,a* f* f*,b* d* d*,d* a* e*,f e f* 
1736091876085-82,0.6542286669154185,0.4453981090201591,0.3087902857755142,277,a c f*,e* a* f*,f d* f*,f* e b*,f* e f* 
1736091876760-83,0.7298905204896452,0.5121691212576303,0.3591760323722679,308,b* d a*,b* e* a*,c* f* b*,f* b* b*,f* c a,f* e c* 
1736096700157-2898,0.7411535722466995,0.37063632363606624,0.425333350888274,318,a* f d,c* f* b*,d b* c*,e a* b* 
1736091858839-56,0.671838151903887,0.8253419037461833,0.17886170514736707,298,b* d d*,d a f*,d d f*,d* e* a*,f* e f* 
1736091986018-242,0.6802774188721293,0.4059076210895743,0.6762549336419752,298,a b e,a* d a,e* a a*,f c f* 
1736096513986-2820,0.7047599705223667,0.8203349444044935,0.32362087729711747,318,b c* f,b* a* f*,d c b,d* d b,f a e* 
1736091830086-7,0.7410820467031126,0.5985894607441284,0.680955723171849,277,b* c f*,b* d* e,d a f*,d* d* e*,f* a* f 
1736091858839-56,0.6854824887982068,0.8253419037461833,0.24725198949853844,298,b* b* e,b* d d*,c* c e*,d a f*,d* e* a*,e b c* 
1736091875427-81,0.696349015730201,0.7022635762703878,0.175928651445705,308,b* d* d*,c* c d*,d d c,e a e*,e* c c*,e* f* b 
1736091839528-23,0.7037860311290699,0.9334987483383834,0.9558401002575896,277,a a c,e c* c*,e f d*,e* d e*,f b a* 
1736091986018-242,0.7190660286007498,0.4059076210895743,0.5409723947373678,298,a a b*,a c e*,a e d*,d e f,e* a a*,f* b e* 
1736093059129-1359,0.6943116673062414,0.9323498512478688,0.3106700582922694,298,a* b* b,b* b f,e e e*,f e f*,f* a a 
1736091830086-7,0.7657134227503961,0.15028403418118857,0.7631038109244979,328,b* c f*,b* d* e,d a f*,d* d* e*,f* a* f 
1736091830086-7,0.7184547007768243,0.20445984799509684,0.3605397451062669,318,a* b* a*,b* d* e,c b* e,d* d* e*,d* e* f*,f c* f* 
1736091834615-15,0.6329663559540555,0.28394626310010523,0.24725198949853844,298,a* f e*,b* f* b,c c b*,d* b* b*,e a* f,f* e c* 
1736099874422-3839,0.7795912073958701,0.3840072479550553,0.8589994632988891,348,a d f*,b a f*,b b* a,e a* b*,f a d*,f e* e* 
1736095724116-2536,0.7601526631159069,0.6391993902453,0.7090464082404646,328,b d c,d* b* c,d* c* e*,e d f 
1736091986018-242,0.7132208507831344,0.5602686789122171,0.3557392643303071,277,a a b*,a c e*,a e d*,c d d,e* e* e* 
1736096513986-2820,0.7609056766427418,0.7063973144082362,0.7028538562932354,328,b c* f,b* a* f*,c* f b*,d* d b,f a e*,f* f* a 
1736091834615-15,0.6873674247718634,0.28394626310010523,0.5885817563115585,298,a* f e*,b* a f,b* f* b,c c b*,d* b* b*,f* e c* 
1736092141067-455,0.7533855863376631,0.8308386966162685,0.680955723171849,277,a e d,b* d* d*,c a* e,c* a* c*,e c e*,f e f* 
1736091861700-60,0.7166728046150401,0.6406601315569971,0.680955723171849,277,a b f,b d f*,c d e,d* b e*,f* e b* 
1736091876760-83,0.7214112720204336,0.594709405105828,0.6762549336419752,298,a* f d*,b* d a*,b* e* a*,c* f* b*,f* c a,f* e c* 
1736091876760-83,0.6838022905729937,0.5121691212576303,0.1716173601995917,308,b* d a*,b* e* a*,c* f* b*,f* b* b*,f* c a 
1736091830086-7,0.7115760989096268,0.366777944035988,0.2900813873240217,298,a* b* a*,b* d* e,b* e* c*,d a f*,d f f,f c f* 
1736092141067-455,0.6788725460115496,0.7018492947765127,0.14953259316383458,298,a e d,b* d* d*,c* a* c*,e c e*,f e f*,f* d* b 
1736093878568-1787,0.7363636425410834,0.3854951345266898,0.6207567986494307,308,a e* d,b e* b,c* f* b*,d c* c*,d* d a,f e* f 
1736092141067-455,0.7522096449643255,0.4677461432130485,0.6500052766153037,318,a e d,b* d* d*,c* a* c*,d* f c,e c e*,f e f* 
1736092045234-327,0.7377167439430251,0.4330303363166902,0.4807283089360344,318,b a* d,c c d,d b c,d e d*,f c d,f e a* 
1736093878568-1787,0.7444426469673548,0.30852318054339384,0.6500052766153037,318,a e* d,b e* b,c* f* b*,d* d a 
1736091858839-56,0.7424637196726569,0.644582644923112,0.5487104889111915,318,b* b* e,b* b* f,b* d d*,d a f*,d* e* a*,e* e b* 
1736092733401-1113,0.7718993974541871,0.5047737245520433,0.7964167035796682,338,b e* a*,b* c* d*,c c* f*,c* f* b*,e* d c 
1736092141067-455,0.7292409257424914,0.7018492947765127,0.3106700582922694,298,b b f*,b* d* d*,c* a* c*,c* e* f,e c e*,f e f* 
1736102849012-4463,0.7813457249268518,0.2140179880570565,0.718946515917518,348,a b b,d a* b,e c* f*,e e* c*,f b* b 
1736091858839-56,0.7780897874296223,0.35190195159532717,0.677078585329586,338,c c* a*,d a f*,d* e* a*,f a a,f b* b,f f c* 
1736092214219-551,0.6466717757241892,0.43504794352249854,0.3991174380967557,277,b a b,b b c*,b d a*,c* f d,d* a f,f e e 
1736091876085-82,0.5987797284493153,0.2985334947195624,0.08479973774768888,298,a* b* a,a* c e*,b e* e*,d* b c*,e* a* e*,f* a* a* 
1736096700157-2898,0.6473267838807469,0.7186038675959938,0.2214858244217216,277,a* f d,a* f* f,c* f* b*,d b* c*,e a* b*,f* b* a* 
1736091986018-242,0.6991880303065793,0.334718840550936,0.2491833243753928,308,a a b*,a c e*,a e* c*,d* a f,e* a a* 
1736091834615-15,0.7147803504294242,0.4427995812662234,0.7943823198045382,277,a* f e*,b* a f,b* f* b,c c b*,d* b* b*,f* e c* 
1736092290840-645,0.7532207671949924,0.8008477403734785,0.8820554971349551,277,c* f* d,d d d,d f* a,e* f e 
1736091830086-7,0.7284454442035043,0.2765326047430581,0.3646288852338854,308,a* b* a*,b* b d*,b* d* e,b* e* c*,d a f* 
1736091830086-7,0.724620039954024,0.20445984799509684,0.5215976103186255,318,a* b* a*,b* c f*,b* c* d*,b* d* e,b* d* f*,c b* e 
1736091834615-15,0.7053805135542776,0.22090391649598468,0.3646288852338854,308,a* f e*,b* f* b,c c b*,d f b,d* b* b*,f* e c* 
1736092290840-645,0.6828621013988587,0.5650421083902113,0.040924592117622775,308,a a b,c* f* d,d d d,d f* a,e* f e 
1736104401898-4746,0.7046513909805386,0.38838795747520244,0.3105406888528987,308,a* c c,b a* d,d* d e,e c f* 
1736091852139-44,0.6329663559540555,0.44521886999040433,0.24725198949853844,298,a* d* b*,b* a* d,b* b c*,c* c b,c* d b,f* b f 
1736091830086-7,0.6696571594917725,0.5985894607441284,0.3160668846361504,277,a* b* a*,b* c f*,b* d* e,d a f*,d* d* e* 
1736091875427-81,0.7845721286046419,0.18466721966156255,0.8589994632988891,348,a c f*,b b d*,b* d* d*,d f a,d* c* d,f a b* 
1736092807433-1182,0.7493566614611782,0.5030272544695822,0.5863805057175128,318,a b* a*,a d* b,a* f* f*,b* d* d*,d* a* e*,f e f* 
1736091852139-44,0.6956601701580692,0.44521886999040433,0.36954862334595034,298,a* d* b*,b* a* d,b* b c*,c* c b,c* d b 
1736092290840-645,0.7820315900134912,0.145349544393943,0.6870212958088099,348,a a b,a f* a,c e f,c* f* d,d f* a,e* f e 
1736091986018-242,0.7047267013340889,0.4059076210895743,0.23665866106420097,298,a a b*,a c e*,a e* c*,a* d d*,d* a f,e* a a* 
1736091863677-63,0.6217046677732663,0.859318735223552,0.12148342142645999,308,b* d b,c d* a,d e e,f* e* c 
1736092141067-455,0.7498976596823881,0.8308386966162685,0.7943823198045382,277,a b* e*,a e d,b* d* d*,c a* e,c* a* c*,f e f* 
1736092290840-645,0.747138168740562,0.8008477403734785,0.7115617504634043,277,a f* a,b* a f,c* f* d,d d d,d f* a,e* f e 
1736092141067-455,0.7310851524651812,0.7018492947765127,0.5682082866404498,298,a e d,b* d* d*,c* a* c*,e c e*,e d f,f e f* 
1736092141067-455,0.7510340307741272,0.8308386966162685,0.4693579548018268,277,a e d,b* d* d*,c* a* c*,d* b b*,e b e,f e f* 
1736092141067-455,0.7332194827712618,0.7018492947765127,0.5477372087285495,298,b b f*,b c c,b* d* d*,e c e*,e e* b*,f e f* 
1736092807433-1182,0.7746264934342456,0.18462195943477927,0.7964167035796682,338,a b* a*,a d* b,a* f* f*,b* d* d*,d* a* e*,f e f* 
1736091858839-56,0.7156463034917561,0.8253419037461833,0.5885817563115585,298,b* a* e,b* b* e,b* d d*,c* c e*,d a f*,e b c* 
1736092164097-486,0.7126649964559185,0.3259161452414087,0.6207567986494307,308,c* b* c,d a d*,d a* f*,d d* c,f a c*,f* a* d 
1736091986018-242,0.7277610993057846,0.5602686789122171,0.6449527641934694,277,a a b*,a c e*,a e d*,d e f,f* b e* 
1736092290840-645,0.7464998971058637,0.8008477403734785,0.2519467323213687,277,a a b,a f* a,c e f,c* f* d,e* f b*,e* f e 
1736092214219-551,0.7147803504294242,0.43504794352249854,0.7943823198045382,277,b a b,b b c*,b* d* c*,d a* a,d* a f,e e e* 
1736102189076-4332,0.7233666971804882,0.6939621362392284,0.4765110686308226,318,a a b*,a* e* b,a* f c,d b* a,d c* a,f a c 
1736092214219-551,0.6542286669154185,0.43504794352249854,0.3087902857755142,277,b a b,b b c*,d a* a,e e e* 
1736091875427-81,0.7212680994977291,0.6066095220479453,0.425333350888274,318,b e* d,c* c d*,d d c,e a e*,e* c c*,e* f* b 
1736092141067-455,0.7678547503825509,0.3344269408101341,0.6049197922378714,328,a e d,b b f*,b* d* d*,e c e*,f e f*,f* d b* 
1736096700157-2898,0.7138848340618023,0.37063632363606624,0.29604604223365494,318,a a* a,a* f d,c* f* b*,d b* c*,e a* b* 
1736096700157-2898,0.7010267922899487,0.7186038675959938,0.3087902857755142,277,c* f* b*,d b* c*,e a* b*,f d b*,f* b* a*,f* d* d* 
1736092141067-455,0.7729244221835548,0.3344269408101341,0.632732971438725,328,b* d* d*,c* a* c*,d* e* d,f e f* 
1736091875427-81,0.7317845229037067,0.7861614701036963,0.5682082866404498,298,b a e*,b* d* d*,c* c d*,e a e*,e* c c*,e* f* b 
1736102189076-4332,0.6990314824791712,0.6939621362392284,0.2746671180950235,318,a a b*,a* e* b,c* c a*,d b* a,d c* a,f a c 
1736091881582-90,0.6428271140580296,0.8938833242281196,0.15223539780274215,298,a* a* c*,c* d* e,d b b*,d d e*,d d* f*,f f* b 
1736092220618-559,0.7609056766427418,0.5999447356422531,0.7080427018792042,328,a* d* b*,a* e d*,c e* f*,c f* a*,f d* f 
1736091986018-242,0.6547331137947348,0.334718840550936,0.1448861328052215,308,a a b*,a e* c*,d* a f,e* a a* 
1736092045234-327,0.7633607464867418,0.3071055788736993,0.7631038109244979,328,c c d,c d e*,c e* e,d* b c,f a a* 
1736092045234-327,0.741694550384476,0.4330303363166902,0.585099157715176,318,b a* d,c a* c*,c c d,d b c,f a a*,f e a* 
1736092807433-1182,0.7708509381239445,0.38462980711293704,0.6385339209088985,328,a b* a*,a* f* f*,b* d* d*,d* a* e*,e a* d*,f e f* 
1736095724116-2536,0.7649804508708362,0.6391993902453,0.632732971438725,328,a b f,b d c,d* b* c,d* c* e*,e d f 
1736091876760-83,0.7308495072644121,0.5121691212576303,0.46222271639870627,308,a* b* a,b* d a*,b* e* a*,c* f* b*,f* b* b*,f* e c* 
1736091858839-56,0.7410820467031126,0.9248748429672671,0.680955723171849,277,b* b* e,b* b* f,b* d d*,d a f*,d* e* a*,e* e b* 
1736097122242-3050,0.6685938465023404,0.730571480461663,0.4103962377269558,298,a a b,b* a* a,d c* b*,e* a* e 
1736092141067-455,0.7011805090634762,0.6106655443538909,0.2592275029285228,308,a e d,b* d* d*,c* a* c*,e c e*,f e f*,f* d* b 
1736092290840-645,0.7478447372101562,0.8008477403734785,0.7943823198045382,277,a f* a,a* a* b*,c e f,c* f* d,e* f b*,e* f e 
1736096700157-2898,0.7266100345242275,0.5505511025815502,0.5477372087285495,298,b* a* f*,c* f* b*,d b* c*,e a* b*,f* b* a*,f* d* d* 
1736091858839-56,0.7382670392094424,0.644582644923112,0.3605397451062669,318,b* b* e,b* b* f,b* d d*,d a f*,e* e b*,f a a 
1736097122242-3050,0.7149862858089381,0.8512400970804466,0.5285236238895192,277,a a b,b* a* a,d c* b*,e* a* e 
1736098733763-3552,0.7634080189242669,0.540884138262887,0.7150656298873145,328,a* a a,b d* d,c* f* b*,d* e e,e* d c,f* f* e 
1736091849048-39,0.707924160096167,0.4475084043134908,0.49131149392574236,308,a* c* c,b* d e*,c* d* c*,d* c* b*,e* e f*,f* c* b* 
1736092141067-455,0.7181758374650605,0.8308386966162685,0.3309068122867887,277,a e d,b* d* d*,c* a* c*,d c* d,e c e*,f e f* 
1736092290840-645,0.7567047764486676,0.47753233758371916,0.4699103760054598,318,a a b,a f* a,c e f,c* f* d,e* f e 
1736091876760-83,0.7634080189242669,0.24117388708796778,0.7150656298873145,328,a* f d*,b* d a*,b* e* a*,c* f* b*,f* c a,f* e c* 
1736092214219-551,0.7203165702198414,0.43504794352249854,0.8820554971349551,277,b a b,b b c*,d* a f,f e* c 
1736093059129-1359,0.7797347629157212,0.3309525445924439,0.7441044777089137,348,a* b* b,b* b f,c d a*,e e e*,f e f*,f* a a 
1736091864293-64,0.7145886442196276,0.6444701195103738,0.6207567986494307,308,b f d,b* c* e*,c a* d,c* a* c,e* a e,f e b* 
1736092733401-1113,0.6473267838807469,0.9614082386923538,0.2214858244217216,277,b e* a*,b* c* d*,c* f* b*,e* d c 
1736091986018-242,0.6882990078802959,0.5602686789122171,0.3087902857755142,277,a a a*,a c e*,b c e,c c b,f c f* 
1736091875427-81,0.6817745839731988,0.7861614701036963,0.1457980730588699,298,b* d* d*,d c d*,d d c,e a e*,e* c c*,e* f* b 
1736092290840-645,0.7325193011684775,0.47753233758371916,0.41912339133153154,318,a a b,a c f,a* d c*,d b* d*,d* e* d,e* e e* 
1736091830086-7,0.7234504981452273,0.366777944035988,0.5636133927638253,298,a* b* a*,b* d* e,b* e* c*,d a f*,f c f* 
1736098733763-3552,0.7838918058498164,0.12718295347662578,0.7281574936460296,358,a* a a,b d* d,c* f* b*,e* d c,f* f* e 
1736092045234-327,0.7755372403294901,0.23110468781033888,0.6944308576196622,338,c c d,d b c,d d b*,d* b c,e* b b*,e* d* b 
1736091852139-44,0.695109637792002,0.3669721364589162,0.29181610523334883,308,a c* f*,a* f f*,b* b c*,c* d b,c* e d*,f* b f 
1736091875427-81,0.7048355932084799,0.902125914643333,0.3087902857755142,277,b* d* d*,d c d*,d d c,e a e*,e* c c*,e* f* b 
1736091858839-56,0.7214822394628653,0.8253419037461833,0.49011294536356476,298,b* b* e,b* d d*,d a f*,d* e* a*,e* e b*,f* d e* 
1736091830086-7,0.7413114072714247,0.5985894607441284,0.6923235989466998,277,b* c f*,b* d* e,b* e* c*,d a f*,e b c*,f f e 
1736091830086-7,0.7265099197614949,0.2765326047430581,0.5490020725815782,308,a* b* a*,b* c f*,b* d* e,b* e* c*,d a f*,d* d* e* 
1736092290840-645,0.6449035376062909,0.8008477403734785,0.0391599417791704,277,a a b,a f* a,c* f* d,d f* a,e* f e 
1736092290840-645,0.7448391291147952,0.5650421083902113,0.3470621864171199,308,a a b,a f* a,c e f,c* f* d,e* f e 
1736092733401-1113,0.7845732450690213,0.1459710397894828,0.7730174588741799,358,b e* a*,b* c* d*,c* f* b*,e* d c 
1736091834615-15,0.6956601701580692,0.28394626310010523,0.36954862334595034,298,a* f e*,b* f* b,c b c,c c b*,d* b* b*,f* e c* 
1736098733763-3552,0.7756792649499442,0.43007620683194314,0.6841929470121138,338,b d* d,c* f* b*,d* e e,f* b b,f* f* e 
1736091986018-242,0.7400926564847351,0.5602686789122171,0.4693579548018268,277,a a a*,a c e*,b c e,c c b,d* d* e*,f c f* 
1736091986018-242,0.6747657813014433,0.4059076210895743,0.09291264327526451,298,a a b*,a c e*,a e d*,c e* a,e* a a* 
1736092141067-455,0.7139398203157059,0.8308386966162685,0.4083145046637578,277,b b f*,b* d* d*,c* a* c*,c* e* f,e c e*,f e f* 
1736091858839-56,0.735686665012077,0.7555299810413667,0.6207567986494307,308,b f* f*,b* d d*,d a f*,d* e* a*,f* b f 
1736091986018-242,0.7103702409477135,0.4059076210895743,0.47603251800178514,298,a a b*,a c e*,a e d*,e f e,e* a a*,f* a* f 
1736092362261-728,0.6329663559540555,0.8762895401245874,0.24725198949853844,298,b* b b,c* e c,d* b d,e* e a* 
1736091858839-56,0.7282151050820933,0.7555299810413667,0.3213075176393795,308,b* b* e,b* b* f,b* d d*,d a f*,e* e b*,f a a 
1736091876085-82,0.6226625899302356,0.23521750850947448,0.11402468817338539,308,a* c e*,d* c c,f b* c,f d b,f* e b*,f* e f* 
1736091881582-90,0.6456447506675298,0.8419645367268378,0.17741830966976516,308,b b c*,c* d* e,c* f* e,d b b*,f f d* 
1736092214219-551,0.7649062301343544,0.1216887992809703,0.6385339209088985,328,b a b,b b c*,d a* a,e e e* 
1736092650696-1032,0.7615273047103043,0.526952163651259,0.5951711863551968,328,a* a f,b b a,c* d* e,c* e d*,d f* c*,f d f* 
1736092290840-645,0.7553549782228839,0.8008477403734785,0.6161968012199357,277,a a b,a f* a,c e f,c* f d*,c* f* d,e* f e 
1736092290840-645,0.7724728941546577,0.19527139595771803,0.5863261705982855,338,a a b,a f* a,c* f* d,d d d,d f* a,e* f e 
1736091853995-48,0.7134602974420685,0.9385291474629334,0.5893662081991261,277,a* f f,c a a*,c* e* e,e* c* a*,f b f*,f e* e* 
1736091852139-44,0.7004010810752656,0.44521886999040433,0.5477372087285495,298,b* a* d,b* b c*,b* c c,c* c b,f b* c* 
1736091852139-44,0.6969882573160673,0.44521886999040433,0.49011294536356476,298,b* a* d,b* b c*,b* c c,f b* c*,f* c* b 
1736092290840-645,0.7549162820897556,0.47753233758371916,0.3102264618978649,318,a a b,a f* a,c e f,c* f* d,d* d d*,e* f e 
1736091881582-90,0.7159647946612804,0.8419645367268378,0.6207567986494307,308,b b c*,c* d* e,c* f* e,d b b*,d b* d,f f d* 
1736096700157-2898,0.7116804004298971,0.5505511025815502,0.5885817563115585,298,b* a* f*,c* f* b*,d e* f*,e a* b*,f* b* a*,f* d* d* 
1736098733763-3552,0.6186811763599062,0.8014306733295279,0.1149490663277561,308,a* a a,d* e e,f* e* b,f* f* e 
1736093059129-1359,0.7264177983186849,0.8410833792056275,0.585099157715176,318,a* b* b,b* b f,b* d d*,c d a*,e e e*,f e f* 
1736091830086-7,0.7843371088011369,0.08647428778873419,0.8589994632988891,348,b* c f*,b* d* e,b* e* c*,c* f* f*,d a f*,d* d* e* 
1736092290840-645,0.696875968618429,0.6462372772570174,0.11858103888067374,298,a a b,a f* a,c e f,c* b f*,e* b* c* 
1736091876760-83,0.6988759450647524,0.7489839290777286,0.3309068122867887,277,b* e* a*,c* f* b*,f* b* b*,f* e c* 
1736091986018-242,0.7124653026973025,0.334718840550936,0.3199673812904429,308,a a b*,a c e*,a e* c*,d* a f,e d* f* 
1736098733763-3552,0.667422558785566,0.9398364992380556,0.31567687369627,277,a* a a,c* f* b*,d* e e,f* f* e 
1736091875427-81,0.6760334909510775,0.902125914643333,0.22039188510713098,277,a c f*,b* d* d*,c* a b,d a* b*,d f a 
1736102189076-4332,0.727148768310622,0.6939621362392284,0.5307209238109062,318,a a b*,a* e* b,b* a b*,c* c a*,d b* a,d c* a 
1736091830086-7,0.7123409833302095,0.20445984799509684,0.30345905729015427,318,a* b* a*,b* c f*,b* d* e,d a f*,d* d* e* 
1736103370257-4559,0.7796646776028385,0.3876228130150159,0.7687507679592879,348,a c* d,c* e* d,d a a*,f b* a*,f* b* e,f* d* f 
1736092141067-455,0.6699645331127494,0.7018492947765127,0.06620844645782639,298,b* d* d*,c* a* c*,d* e* d,f e f* 
1736091875427-81,0.7510340307741272,0.902125914643333,0.4693579548018268,277,b b d*,b* d* d*,c* a b,d a* b*,f c* a,f* f b 
1736091858839-56,0.7226127185754121,0.8253419037461833,0.5593238161897301,298,b* b* e,b* d d*,c* c e*,d a f*,d* e* a* 
1736092807433-1182,0.7417779490287281,0.5030272544695822,0.3018469917038285,318,a b* a*,a d* b,a* f* f*,b* d* d*,d f d 
1736091881582-90,0.7798516144541326,0.2857555906622036,0.7434361667183851,348,a* a* c*,c b f,c* d* e,d d e*,e d* f,f f* b 
1736092141067-455,0.6767691876607013,0.8308386966162685,0.2195565934572869,277,b* d* d*,c* a* c*,d* e* d,f e f* 
1736093059129-1359,0.6188660866310761,0.8952818423958014,0.11423806517633431,308,a* b* b,b* b f,c d a*,e e e*,f e f*,f* a a 
1736091850190-41,0.6956601701580692,0.5424194171973603,0.4129656447597749,298,b* e e,d f b,d* d* e,d* f e 
1736091876760-83,0.7156681316467213,0.594709405105828,0.2900813873240217,298,b* d a*,b* e* a*,c* f* b*,e* d* d*,f* b* b*,f* c a 
1736091830086-7,0.695565017462533,0.2765326047430581,0.29181610523334883,308,a* b* a*,b* d* e,c b* e,d* e* f*,e* a a*,f c* f* 
1736091873066-77,0.6943067745611772,0.6772369703431614,0.5627577819641729,298,a* a b*,a* b b,d* c f,d* d* e,e a f,f* b e 
1736091876760-83,0.672954743420565,0.594709405105828,0.2478536207925701,298,a c* c*,b* d a*,b* e* a*,c* f* b*,f* c a,f* e c* 
1736091986018-242,0.7294301670779522,0.26827362066243104,0.5459543586658493,318,a a b*,a c e*,c d d,c* d* e,d* b* f,e* f e 
1736091876760-83,0.7208851324171561,0.5121691212576303,0.29181610523334883,308,b f e*,b* d a*,b* e* a*,c* f* b*,f* c a,f* e c* 
1736097317562-3116,0.7264177983186849,0.2539094173840848,0.585099157715176,318,d d e*,d* b* a*,e* f* c,f* b* f* 
1736092045234-327,0.7189595100425465,0.4330303363166902,0.302996051962248,318,b a* d,c a* c*,c c d,d b c,d b d,f a a* 
1736092290840-645,0.7479674207442715,0.8008477403734785,0.5285236238895192,277,a a b,a d* f*,c e f,c* f* d,e c e,e* f b* 
1736092290840-645,0.675806423372784,0.8008477403734785,0.07869033108286333,277,a a b,a f* a,c* f* d,d f* a,e* c d,e* f e 
1736092733401-1113,0.744441558943171,0.9614082386923538,0.7943823198045382,277,b e* a*,b* c* d*,c* f* b*,d* c* d*,e* d c 
1736096700157-2898,0.6840396625993842,0.46649754139562555,0.17741830966976516,308,c* f* b*,d b* c*,e a* b*,f d b*,f* b* a*,f* d* d* 
1736091881582-90,0.6971484968347974,0.8938833242281196,0.49011294536356476,298,a* a* c*,c b f,c* d* e,c* f* b,d d e*,f f* b 
1736091834615-15,0.6943116673062414,0.28394626310010523,0.3106700582922694,298,a* f e*,b* f* b,c c b*,d* b* b*,d* c* f,f* e c* 
1736096700157-2898,0.7346818700025975,0.46649754139562555,0.6207567986494307,308,a a* a,a* f d,b e d*,c* f* b*,d b* c*,e a* b* 
1736092141067-455,0.6876808485115566,0.7018492947765127,0.2478536207925701,298,b b f*,b* d* d*,c* a* c*,e c e*,e* e d*,f e f* 
1736092045234-327,0.7222934901239845,0.6873496374783616,0.6762549336419752,298,c c d,d b c,d* b c,e* b b* 
1736091858839-56,0.7250232763121612,0.7555299810413667,0.4945233916356517,308,b f* f*,b* d d*,c d* b,d a f*,d* e* a*,f* b f 
1736096700157-2898,0.7451501691250532,0.37063632363606624,0.585099157715176,318,a a* a,a* f d,b e d*,c* f* b*,e a* b* 
1736091876085-82,0.7234177241628486,0.4453981090201591,0.8820554971349551,277,a c f*,d* c c,d* f* b,f d b,f* e b*,f* e f* 
1736091876760-83,0.7417332301734928,0.4147093522344209,0.557022572171436,318,b f e*,b* d a*,b* e* a*,c* f* b*,f* c a,f* e c* 
1736091876760-83,0.7384470520012163,0.7489839290777286,0.8820554971349551,277,a* f d*,b* d a*,b* e* a*,c* f* b*,f* c a,f* e c* 
1736091986018-242,0.6956601701580692,0.4059076210895743,0.36954862334595034,298,a c e*,d* c b,d* e* a,e* a a*,f c f* 
1736091986018-242,0.7228039978313985,0.26827362066243104,0.4765110686308226,318,a a b*,a c e*,a e d*,d* b* f,e* e* e* 
1736091834615-15,0.71871244919005,0.16883436417256154,0.5487104889111915,318,a* f e*,c c b*,d f b,d* b* b*,e* f d*,f* e c* 
1736091986018-242,0.7512207400354345,0.5602686789122171,0.8820554971349551,277,a a a*,a c e*,b c e,c c b,c* b b*,c* f* d* 
1736091830086-7,0.7741888663202556,0.11178547174933938,0.7529503505925317,338,a* b* a*,b a* c*,b* e* c*,d a f*,d* d* e*,f* e* f 
1736091852139-44,0.6984263584640804,0.44521886999040433,0.5636133927638253,298,b a* b,b* a* d,b* b c*,b* c c,c* c b,f b* c* 
1736092220618-559,0.7217169243551408,0.735623802121296,0.42302233192729705,318,a* e d*,c e* f*,c f d,c f* a*,d* c d*,f* e d 
1736093059129-1359,0.6979076821289952,0.9323498512478688,0.5682082866404498,298,b* b f,e e e*,f e f*,f* a a 
1736091863677-63,0.7649804508708362,0.6135022704409162,0.632732971438725,328,a* a a*,c d* a,c f* b*,d e e,f* e* c 
1736091876760-83,0.7147803504294242,0.7489839290777286,0.7943823198045382,277,b* d a*,c* d* d*,e d f*,f* b* b* 
1736098733763-3552,0.7770907961300774,0.43007620683194314,0.7964167035796682,338,a* c a*,c* f* b*,d a f*,d* e e,e* d c,f* f* e 
1736091850815-42,0.7825089868409906,0.05227647907850921,0.8002656022138778,358,a* d* c*,b* c* e,b* e* c,c* e* d,e* f b 
1736102189076-4332,0.730887972754603,0.6939621362392284,0.35741735770653354,318,a a b*,a* e* b,a* f c,d b* a,f a c,f* b* b* 
1736091875427-81,0.7708588126627627,0.4778884844192622,0.632732971438725,328,b b d*,b* d* d*,c d b*,c* a b,d f a,d* c* d 
1736091986018-242,0.7437756687969234,0.5602686789122171,0.7943823198045382,277,a a a*,a c e*,a* e f,b c e,c c b,f c f* 
1736096700157-2898,0.7347285868284975,0.46649754139562555,0.517973988066661,308,c* b* c,c* f* b*,d b* c*,e a* b*,f* b* a*,f* d* d* 
1736096700157-2898,0.6415204728374205,0.5505511025815502,0.0796793673235817,298,c* f* b*,e a* b*,f d b*,f* b* a*,f* d* d* 
1736091830086-7,0.7765586719629475,0.11178547174933938,0.6964805809979505,338,a* b* a*,b* e* c*,c* d* f*,d a f*,d* d* e*,f* e* f 
1736091850815-42,0.7822457430611105,0.05227647907850921,0.819413266601425,358,a* d* c*,b* c* e,b* e* c,c* e* d 
1736091875427-81,0.7854174202591667,0.18466721966156255,0.7434361667183851,348,a c f*,b b d*,b* d* d*,c c e,d f a,d* c* d 
1736092214219-551,0.7153790358160995,0.43504794352249854,0.635289044864479,277,b a b,b* d* c*,d a* a,d* a f,e e e* 
1736118205213-7436,0.7703254854254246,0.529842283217072,0.6524520330031893,328,b* d* d*,c a* d*,c c b*,d b c,e c* c 
1736093878568-1787,0.748986516986669,0.6563373891239521,0.8820554971349551,277,a e* d,b b* b*,c* f* b*,d* d a,e* e* e,f e* f 
1736092290840-645,0.7820681459603088,0.145349544393943,0.6229630075325014,348,a a b,c d* f*,c e f,c* f* d,d f* a,e* f e 
1736091830086-7,0.6656840303151065,0.2765326047430581,0.14739495697734833,308,b* c f*,b* d* e,b* e* c*,d a f*,f c c* 
1736091876760-83,0.64167859096022,0.594709405105828,0.08273317243145221,298,b d e*,b* d a*,b* e* a*,c* f* b*,f* c a,f* e c* 
1736098185692-3398,0.7796860597131832,0.06139789868083716,0.7473538046976657,348,c f e*,c* f* c,e* c* f*,e* f* a 
1736091876760-83,0.7145916283233124,0.594709405105828,0.5705590744216125,298,b* d a*,b* e* a*,c* f* b*,e c* f*,f* c a,f* e c* 
1736092290840-645,0.7309125165084032,0.6462372772570174,0.3227230603965387,298,a a b,a f* a,c e f,c* f* d,d f* a 
1736091830086-7,0.6401505632924642,0.366777944035988,0.0796793673235817,298,b* d* e,b* e* c*,d a f*,d f f,f c f* 
1736091875427-81,0.7015096491141124,0.7022635762703878,0.24416333545160912,308,b* d* d*,c* c d*,d d c,e f* c*,e* c c*,e* f* b 
1736091876085-82,0.707924160096167,0.23521750850947448,0.49918909473938766,308,c* b c,d* c c,f b* c,f d b,f* e b*,f* e f* 
1736098733763-3552,0.7171944946531837,0.9398364992380556,0.4047324820856287,277,a* a a,b d* d,c* f* b*,e* d c,f* f* e 
1736092214219-551,0.7134602974420685,0.43504794352249854,0.51430448996208,277,b b c*,c* c b,c* f d,e c* d*,f e e 
1736092214219-551,0.6506207532762698,0.43504794352249854,0.3307271537455841,277,b a b,b b c*,d a f,d* a f 
1736091875427-81,0.7516241137950429,0.6066095220479453,0.6500052766153037,318,b b d*,b* d* d*,c* a b,c* a e*,d a* b*,d f a 
1736092290840-645,0.7298097225715977,0.47753233758371916,0.2276944342333748,318,a a b,a e* a*,c* f* d,d d d,d f* a 
1736113083706-6272,0.7536350713942892,0.17599750824335184,0.5901346019393775,318,a b* c*,a f d,b* d* d*,e b* e 
1736097122242-3050,0.7201660622196925,0.5793937204041825,0.5177627623201386,318,a a b,d c* b*,e a* b,e* a* e 
1736091881582-90,0.7222831810371678,0.7504417252334159,0.5487104889111915,318,a* a* c*,b c d*,c b f,c* d* e,d* d e*,f f* b 
1736092807433-1182,0.7492220028130675,0.5030272544695822,0.3605397451062669,318,a b* a*,a* f* f*,b* d* d*,d* a* e*,e a* a,e* e c 
1736091830086-7,0.7292772360973354,0.2765326047430581,0.4945233916356517,308,a* b* a*,b a* c*,b* e* c*,d a f*,d* d* e*,f* e* f 
1736092141067-455,0.7421149563226497,0.6106655443538909,0.6207567986494307,308,b d* b,b* d* d*,c* a* c*,e c e*,f a b,f e f* 
1736091875427-81,0.7304558061617341,0.7861614701036963,0.49011294536356476,298,a c f*,b b d*,b* d* d*,c* a b,d f a,d* c* d 
1736091986018-242,0.7186978268827909,0.26827362066243104,0.2817908856740966,318,a a b*,a e d*,a* b f,c d d,e* e* e* 
1736092290840-645,0.6982054941775095,0.6462372772570174,0.23487502379865396,298,a a b,a f* a,c e f,c* b f*,d* e b,e* b* c* 
1736091834615-15,0.6622771368128978,0.22090391649598468,0.2076888352741541,308,a* f e*,b* f* b,c c b*,d* b* b*,f a* d,f* e c* 
1736091875427-81,0.7510340307741272,0.902125914643333,0.5085026898186205,277,b b d*,b* d* d*,c* a b,d a* b*,e* b e*,f* f b 
1736096513986-2820,0.6570768310732907,0.879105938478463,0.2592275029285228,308,a* c f*,b c* f,b* a* f*,d* d b,f a e* 
1736091858575-55,0.7594286749506594,0.12405760650371221,0.7631038109244979,328,b* a* a*,c c f,c d f,d b* e,e b* f,f a* c* 
1736093878568-1787,0.6077233624713411,0.6563373891239521,0.22039188510713098,277,a e* d,b e* b,c f* d*,d* d a,f e* f 
1736093878568-1787,0.7215791988358499,0.46802490408061403,0.6762549336419752,298,a e* d,a* c* b*,b b* b*,c* f* b*,f e* f 
1736091830086-7,0.7679787712748388,0.15028403418118857,0.6035227245247176,328,b* c f*,b* d* e,b* e* c*,c* a* d,d a f*,f a a* 
1736092807433-1182,0.7016612512008411,0.8090392872147193,0.3231086588664555,277,a b* a*,a d* b,a* f* f*,b* d* d*,d* a* e*,f e f* 
1736092807433-1182,0.7678547503825509,0.38462980711293704,0.6049197922378714,328,a b* a*,a* f* f*,b* d* d*,d* a* e*,e* d b*,f e f* 
1736091881582-90,0.7218461267557383,0.7504417252334159,0.4606155875760251,318,a* a* c*,c b f,c* d* e,d b b*,e* a e*,f f* b 
1736098733763-3552,0.7327320284655372,0.8623177259577609,0.6762549336419752,298,a* c a*,c* f* b*,d a f*,d* e e,e* d c,f* f* e 
1736092290840-645,0.7493698732314233,0.8008477403734785,0.4264649030316804,277,a a b,a f* a,c e f,c f d,c* f* d,e c e 
1736092141067-455,0.713695516613293,0.6106655443538909,0.2076888352741541,308,a e d,b b f*,b* d* d*,e c e*,f e f*,f* d b* 
1736092214219-551,0.7161137059787819,0.43504794352249854,0.7204462209141238,277,b a b,b b c*,b d a*,c* f d,d f a,d* a f 
1736092141067-455,0.7718710579927757,0.3344269408101341,0.7027161141752124,328,b* d* d*,b* d* e,c* a* c*,d* e* d,f e f*,f f* e 
1736091834615-15,0.7244733003427767,0.16883436417256154,0.6500052766153037,318,a* f e*,b e* a,b* f* b,d* b* b*,e a* f,f* e c* 
1736091986018-242,0.7435111514245004,0.5602686789122171,0.6923235989466998,277,a a a*,a c e*,b c e,b* f* a*,c c b,f c f* 
1736091881582-90,0.7825089868409906,0.20637766431273244,0.8002656022138778,358,b b c*,c* d b,c* d* e,d b b*,d* d e*,f f d* 
1736091839528-23,0.769580103476447,0.25251021849373156,0.8213885817899059,338,a a c,a* c* e,e c* c*,e f d*,e* d e* 
1736091830086-7,0.7446040053253099,0.20445984799509684,0.5961927238540308,318,a* b* a*,b* d* e,b* e* c*,c* e* d*,d a f*,d* d* e* 
1736092733401-1113,0.7352689682439769,0.7861790930522582,0.6500052766153037,318,a a a,b e* a*,b* c* d*,c* f* b*,d* c* d*,e* d c 
1736091858839-56,0.7741888663202556,0.35190195159532717,0.7529503505925317,338,b* b* e,b* d d*,d a f*,d* e* a*,e b c* 
1736091858839-56,0.7278193175634685,0.7555299810413667,0.3105406888528987,308,b* b* e,b* d d*,d a f*,e* e b*,f a a 
1736093059129-1359,0.7218251343211826,0.8410833792056275,0.37587458255145556,318,a* b* b,b* a* f,b* b f,b* d d*,c d a*,e e e* 
1736092733401-1113,0.7752171918087825,0.5047737245520433,0.682175965543491,338,b* c* d*,c* f* b*,d* c* f*,e* d c,f* a* f* 
1736091876760-83,0.7756419826387871,0.12964954184965452,0.6840449022036736,338,a* e d,c a b,c* f* b*,f* b* b*,f* c a,f* e c* 
1736102849012-4463,0.7819942467040794,0.2140179880570565,0.8174708549555973,348,a b b,d a* b,d* f b,e e* c*,f a f,f b* b 
1736113083706-6272,0.6786360418819168,0.4508793695835226,0.21790355732422692,277,a b* c*,b* d* d*,e b* e 
1736092141067-455,0.768457314316866,0.3344269408101341,0.7631038109244979,328,a e f,b e* d,b* d* d*,c* a* c*,d* e* d,f e f* 
1736091850190-41,0.6974302498764124,0.5424194171973603,0.49011294536356476,298,a c f,c* d* e,d f b,d* f e 
1736091875427-81,0.7499076991307484,0.6066095220479453,0.3605397451062669,318,b* d* d*,c* c d*,c* e d,d d c,e* f* b,f a d* 
1736098733763-3552,0.7776507042358585,0.43007620683194314,0.691371314681404,338,a* c a*,c* f* b*,d a f*,f* f* e 
1736120804341-8319,0.6515699300836183,0.7624365763648998,0.24725198949853844,298,d a a*,d c d,e e* a*,f a* b*,f f* c* 
1736091876760-83,0.7231252045927581,0.594709405105828,0.49011294536356476,298,b* d a*,b* e* a*,c* f* b*,e* d* d*,f* c a 
1736091986018-242,0.7259668813523125,0.334718840550936,0.5172031487785731,308,a a b*,a c e*,a e* c*,a* c d,d* a f,e d* f* 
1736091875427-81,0.7374836994038682,0.7022635762703878,0.5490020725815782,308,b a e*,b* d* d*,c* c d*,e a e*,e* c c*,e* f* b 
1736091876760-83,0.6982414531986998,0.5121691212576303,0.2075091767329494,308,b b e*,b* d a*,c* f* b*,e* a* a,f* c a,f* e c* 
1736091881582-90,0.7053805135542776,0.8419645367268378,0.3999111219216372,308,a e* e,b b c*,c b f,c* d* e,d b b*,d* d e* 
1736091881582-90,0.7819005765121366,0.2857555906622036,0.7610585720183826,348,a* a* c*,c b f,c* f* d,d b f*,d d e*,f f* b 
1736093878568-1787,0.7179220426822736,0.6563373891239521,0.51430448996208,277,a e* d,b d* c,b e* b,c f* d*,d* d a,f e* f 
1736096700157-2898,0.7443882703031075,0.7186038675959938,0.6610145110688956,277,c* f* b*,d b* c*,d* a d*,e a* b*,f* b* a*,f* d* d* 
1736096700157-2898,0.6981077912841003,0.5505511025815502,0.2582937802658171,298,c* f* b*,d b* c*,d* b* f*,f d b*,f* b* a*,f* d* d* 
1736091875427-81,0.71763365631675,0.902125914643333,0.3307271537455841,277,a c f*,b c c*,b* d* d*,c* a b,d f a,e f* c 
1736092733401-1113,0.7461089098005376,0.9614082386923538,0.6923235989466998,277,a a a,b b* c*,b* c* d*,c* f* b*,d* c* d*,e* d c 
1736113083706-6272,0.7264300981127573,0.17599750824335184,0.3058000225697028,318,a f d,a* b f,b* d* d*,e b* e 
1736092235699-578,0.6171118787599237,0.7096222152118167,0.11402468817338539,308,a f* e,b* d c,d b* e*,d e d,f a c*,f d* b* 
1736097122242-3050,0.6013677069346243,0.8512400970804466,0.05843251192803898,277,a a b,a b b,b* a* a,d c* b*,e* a* e 
1736091876760-83,0.7346411705705711,0.7489839290777286,0.43483725394015144,277,b* d a*,b* e* a*,c* f* b*,e* d* d*,f* c a 
1736091876760-83,0.7359211484568796,0.5121691212576303,0.6207567986494307,308,b* d a*,b* e* a*,c* f* b*,e* e c,f* c a,f* e c* 
1736091876760-83,0.744047754904769,0.4147093522344209,0.6500052766153037,318,b* e* a*,c* f* b*,d c* d*,f* b* b*,f* c a,f* e c* 
1736091834615-15,0.7051123065482439,0.22090391649598468,0.3105406888528987,308,a* f e*,b* f* b,c c b*,d* b* b*,d* c* f,f* e c* 
1736092807433-1182,0.7454792600529642,0.5030272544695822,0.6500052766153037,318,a b* a*,a d* b,a* f* f*,b* d* d*,b* e b,d f d 
1736096700157-2898,0.7209703651526973,0.5505511025815502,0.6762549336419752,298,b* a* f*,c* e a,c* f* b*,e a* b*,f* b* a*,f* d* d* 
1736091876760-83,0.7226162496355241,0.594709405105828,0.36954862334595034,298,b* e* a*,c* f* b*,e* d* d*,f* b* b*,f* c a,f* d* e* 
1736092290840-645,0.713048834984244,0.8008477403734785,0.198559811446939,277,a a b,a f* a,c e f,d f* a,e* d* c,e* f e 
1736092733401-1113,0.7141880762253213,0.7861790930522582,0.29604604223365494,318,a a a,b e* a*,b* c* d*,c* f* b*,d* c* d*,e d a* 
1736091875427-81,0.7375370845361091,0.902125914643333,0.4104629724667731,277,a e* d,b b d*,b* d* d*,c* a b,e* b e*,f* f b 
1736118205213-7436,0.7660703276333973,0.529842283217072,0.7631038109244979,328,b* d* d*,c a* d*,c c b*,d b c,e c* c,e d c* 
1736091830086-7,0.7705747930260414,0.15028403418118857,0.6519765301944865,328,a d d*,a* b* a*,b* c f*,b* e* d*,d a f*,d* d* e* 
1736091830086-7,0.6748681855956865,0.5985894607441284,0.3087902857755142,277,a* b* a*,b* c f*,b* d* e,d a f*,d b d*,d* d* e* 
1736096700157-2898,0.659032475375435,0.46649754139562555,0.11423806517633431,308,c* b* c,c* f* b*,d b* c*,e a* b*,f* b* a* 
1736091875427-81,0.7771389527519115,0.2802007103493234,0.7019101361517589,338,b b d*,b* d* d*,c* a b,d a* b*,f c* a,f* f b 
1736091830086-7,0.73641013074,0.5985894607441284,0.5122757668765939,277,a* b* a*,a* f* e*,d a f*,d* d* e*,d* e* e*,f* a* f 
1736092290840-645,0.7455584832596482,0.5650421083902113,0.5351989780646432,308,a f* a,b a d,b* e* c,c e f,c* f* d,d f* a 
1736091875427-81,0.7695539586015444,0.4778884844192622,0.6982594761242872,328,b b d*,b* d* d*,c d b*,c* a b,d* c* d,e b c* 
1736092141067-455,0.786413557764789,0.174713818661009,0.7660428393389732,348,b* d* d*,c* a* c*,d* e* d,f e f* 
1736092290840-645,0.748643864622915,0.8008477403734785,0.45458752499910465,277,a a b,a f* a,c e f,c* f* d,f* b* a,f* c d 
1736092141067-455,0.7800196416333829,0.2481611221100697,0.682175965543491,338,b* d* d*,c* a* c*,d* e* d,f e f* 
1736098733763-3552,0.7355213085228931,0.7031839002610545,0.5993917369741302,318,a* a a,c* f* b*,d* a b*,d* e e,e* d c,f* f* e 
1736092141067-455,0.7519245598427754,0.4677461432130485,0.5215976103186255,318,a e d,b b f*,b* d* d*,c* a* c*,e c e*,e d a* 
1736092045234-327,0.7347955740217655,0.4330303363166902,0.3605397451062669,318,a c d*,c a* c*,c c d,d b c,f a a*,f e a* 
1736118205213-7436,0.7746469406382293,0.4414652384918087,0.7529503505925317,338,b* d* d*,c a* d*,c c b*,d b c,e c* c,e d c* 
1736091875427-81,0.7554412926704978,0.902125914643333,0.8820554971349551,277,a c f*,b b a,b c c*,b* d* d*,c* a b,d f a 
1736091876760-83,0.7261628690765096,0.5121691212576303,0.5490020725815782,308,b* d a*,b* e* a*,c* f* b*,e* e c,f* e c* 
1736096700157-2898,0.7399809352707435,0.37063632363606624,0.6500052766153037,318,a a* a,a* f d,c* f* b*,e a* b* 
1736092650696-1032,0.7729897387042473,0.4414915817405286,0.677078585329586,338,a e f*,a* a f,b b a,c* a d*,c* d* e,f d f* 
1736091830086-7,0.7283765067245833,0.5985894607441284,0.43483725394015144,277,a* f* e*,b* c f*,d a f*,d* d* e*,f f d*,f* a* f 
1736092045234-327,0.7680507517597358,0.3071055788736993,0.6385339209088985,328,c c d,d b c,d d b*,d* b c,e* b b*,e* d* b 
1736091876760-83,0.7633461231800489,0.24117388708796778,0.7631038109244979,328,b* d a*,b* e* a*,c* f* b*,f* c a,f* c* b,f* e c* 
1736098733763-3552,0.6849376973165374,0.9398364992380556,0.3087902857755142,277,a* a a,b d* d,c* f* b*,e* d c 
1736091830086-7,0.7844538247180496,0.08647428778873419,0.7446407948504328,348,a b* d,b* c f*,b* d* e,b* e* c*,c* f* f*,d a f* 
1736091858839-56,0.7454319517856736,0.644582644923112,0.585099157715176,318,a* e* f*,b* b* e,b* d d*,d a f*,d* e* a*,e b c* 
1736093878568-1787,0.741996834707188,0.30852318054339384,0.37587458255145556,318,b b* b*,b* e b*,c* f* b*,d* d a,e* e* e,f e* f 
1736091986018-242,0.7366601060359469,0.5602686789122171,0.4104629724667731,277,a a a*,a c e*,b c e,b* f* a*,c b a*,c c b 
1736097122242-3050,0.6401147932518483,0.6590341865657775,0.05930052315925683,308,a a b,a b b,b* a* a,d c* b*,e* a* e 
1736093878568-1787,0.6799047530304712,0.6563373891239521,0.3231086588664555,277,a d* b,b b* b*,b* e b*,c* f* b*,e* e* e,f e* f 
1736092141067-455,0.7292346681088309,0.4677461432130485,0.3287742612250121,318,a e d,b* d* d*,c* a* c*,d* e b,e c e* 
1736113083706-6272,0.7361723582283538,0.17599750824335184,0.360598652702274,318,a f d,b* d* d*,e b* e,f a b*,f f f* 
1736092733401-1113,0.7209703651526973,0.9017676578558769,0.6762549336419752,298,a a a,b e a,b e* a*,b* c* d*,c* f* b*,d* c* d* 
1736092290840-645,0.7640801247293622,0.31622442686267954,0.531429306945125,328,a a b,a f* a,c e f,d* e* d,e* b* c* 
1736092807433-1182,0.7222701385549892,0.5030272544695822,0.4807283089360344,318,a b* a*,a* f* f*,d* a* e*,e a* a,e* e c 
1736091858839-56,0.6901857882758008,0.7555299810413667,0.2075091767329494,308,a* b c*,b* b* e,b* d d*,d a f*,e* e b*,f a a 
1736091875427-81,0.7399122826066454,0.7022635762703878,0.49131149392574236,308,b b d*,b* d* d*,c* a b,d f a,d* c* d 
1736091853995-48,0.7822457430611105,0.1376945366046644,0.8149566285504998,358,a* f f,c a a*,c* e* e,e* c* a*,e* f c*,f e* e* 
1736098733763-3552,0.7352738501156905,0.8014306733295279,0.527265680283128,308,a* a a,b d* d,c* f* b*,e* d c,f* f* e 
1736092290840-645,0.7367493238527649,0.6462372772570174,0.2906102621252709,298,a a b,a f* a,c e f,c* f* d,e* b e,e* f e 
1736092290840-645,0.7395612881932204,0.6462372772570174,0.4103962377269558,298,a a b,a f* a,b* b f*,b* e* c,c* f* d,d f* a 
1736091875427-81,0.7377693963984155,0.7022635762703878,0.6207567986494307,308,a c f*,b b d*,b* d* d*,d* c* d 
1736096513986-2820,0.7055315617275738,0.879105938478463,0.5372580186662295,308,b c* f,b* a* f*,c* f b*,d* d b,f a e*,f* f* a 
1736092141067-455,0.7746469406382293,0.2481611221100697,0.7529503505925317,338,a e d,b* d* d*,c* a* c*,d* f c,e c e*,f e f* 
1736091875427-81,0.7303193876513357,0.7861614701036963,0.36954862334595034,298,b a e*,b* d* d*,c* c d*,e* c c*,e* f* b 
1736091830086-7,0.6386522847648237,0.5985894607441284,0.22039188510713098,277,a* b* a*,d a f*,d* d* e*,d* e* e*,f* a* f 
1736096513986-2820,0.7126649964559185,0.879105938478463,0.6207567986494307,308,b c* f,c* f b*,d* d b,e a* a*,f a e*,f* f* a 
1736091876085-82,0.7004877468007774,0.4453981090201591,0.43483725394015144,277,a c f*,c b* e*,e* a* f*,f d* f*,f* e b*,f* e f* 
1736091876760-83,0.7679763257150468,0.24117388708796778,0.6518972940009377,328,a* f d*,b a a*,b* d a*,c* f* b*,f* c a,f* c d* 
1736092141067-455,0.7191300036132642,0.8308386966162685,0.3087902857755142,277,b b f*,b* d* d*,c* a* c*,e c e*,f e f* 
1736091830086-7,0.7217451017123387,0.366777944035988,0.49011294536356476,298,a* a* e*,a* b* a*,b* d* e,b* e* c*,d a f*,f* d* b* 
1736124232495-9348,0.7798808386968124,0.35999327512013574,0.7604194648178383,348,a b* d*,b a* b,b* d* f,c* c* e*,e* f f* 
1736091875427-81,0.7542413668316317,0.902125914643333,0.7204462209141238,277,a e* d,b b d*,b* b* b*,b* d* d*,c* a b,f* f b 
1736092733401-1113,0.774129546581479,0.5047737245520433,0.6959258419956984,338,a a a,b e* a*,b* c* d*,c* f* b*,d* c* d*,e d a* 
1736091856594-52,0.711626611354153,0.4172096544150712,0.517973988066661,308,a b* e*,a* e d,b* c a,c f e,c* d c,f f c 
1736113083706-6272,0.7846754409633497,0.07349838326318668,0.7687507679592879,348,a b* c*,a f d,b* d* d*,c a e,e b* e 
1736093059129-1359,0.6892479986756075,0.8410833792056275,0.3018469917038285,318,b b a,b* b f,c d a*,e e e*,f e f*,f* a a 
1736092141067-455,0.7536350713942892,0.4677461432130485,0.5901346019393775,318,a e d,b* d* d*,c* a* c*,e c e*,e d a*,f* d a* 
1736091986018-242,0.7198904488058264,0.334718840550936,0.47363520962095007,308,a a b*,a c e*,a e d*,d* b* f,e* e* e* 
1736091830086-7,0.6581841674591079,0.366777944035988,0.1457980730588699,298,a* b* a*,b* c f*,b* d* e,d a f*,d* d* e* 
1736092141067-455,0.7878035900368926,0.11480534972200926,0.7661576820984536,358,b* d* d*,c* a* c*,d* e* d,f e f* 
1736091876760-83,0.7426355086828992,0.7489839290777286,0.45542592490839906,277,a* f d*,b* d a*,b* e* a*,c* f* b*,f* c a 
1736092141067-455,0.7531918610814348,0.8308386966162685,0.8820554971349551,277,a d c*,b* d* d*,c* a* c*,d c* d 
1736091876760-83,0.7651118955561382,0.24117388708796778,0.6102704312431058,328,b* d a*,b* e* a*,c* f* b*,e b* e,f* c a,f* e c* 
1736091834615-15,0.7119073123655684,0.22090391649598468,0.527265680283128,308,a* f e*,b* f* b,c c b*,d c* d,d f b,d* b* b* 
1736113083706-6272,0.7521731359534777,0.17599750824335184,0.425333350888274,318,a f d,a* d* e,b* d* d*,e b* e,f a b*,f f f* 
1736091858839-56,0.6788655563180688,0.7555299810413667,0.1716173601995917,308,b* d d*,c d* b,d a f*,d* e* a*,f* b f 
1736096700157-2898,0.6647306277855011,0.5505511025815502,0.1457980730588699,298,c* f* b*,d* b* f*,f d b*,f* b* a*,f* d b*,f* d* d* 
1736091830086-7,0.743409063215854,0.20445984799509684,0.6500052766153037,318,a d d*,a* b* a*,b* c f*,b* d* e,d a f*,d* d* e* 
1736097122242-3050,0.7271104757890148,0.5793937204041825,0.4661439255477423,318,a a b,a d e,d c* b*,e a* b,e* a* e 
1736092807433-1182,0.751935451457119,0.5030272544695822,0.557022572171436,318,a b* a*,a d* b,a* f* f*,b* d* d*,c e* b,f e f* 
1736091875427-81,0.7546397707873642,0.902125914643333,0.7943823198045382,277,a e* d,a* d* f,b b d*,b* d* d*,e* b e*,f* f b 
1736091876760-83,0.7461089098005376,0.7489839290777286,0.6923235989466998,277,a* f d*,b* d a*,b* e* a*,c* f* b*,d* b c*,f* c a 
1736093059129-1359,0.7113300470914059,0.9744562034814321,0.4693579548018268,277,a* b* b,b* b f,b* d d*,c d a*,e e e*,f e f* 
1736098733763-3552,0.739833263674817,0.7031839002610545,0.6500052766153037,318,a* a a,c* f* b*,d* a b*,d* e e,e* d c,f e d* 
1736098733763-3552,0.7458875280049474,0.9398364992380556,0.680955723171849,277,b d* d,c* f* b*,e* d c,f* f* e 
1736098733763-3552,0.7822784979770296,0.219025761626452,0.7687507679592879,348,a* a a,c* f* b*,d* a b*,d* e e,e* d c,f* f* e 
1736091830086-7,0.6906722912550156,0.2765326047430581,0.2076888352741541,308,a d d*,a* b* a*,b* c f*,b* e* d*,d a f*,d* d* e* 
1736103370257-4559,0.7796991569631873,0.3876228130150159,0.7440591331317667,348,a c* d,b* c e*,c* e* d,f b* a*,f* b* e,f* d* f 
1736118205213-7436,0.778315361297169,0.4414652384918087,0.695875445902936,338,b* d* d*,c c b*,d b c,d e e,e c* c,e d c* 
1736098185692-3398,0.7798808386968124,0.06139789868083716,0.7624691082042043,348,b e c*,c* d* d*,d* a a,e* c* f*,e* f* a,f f* b* 
1736092733401-1113,0.7606252631005117,0.6908538679238072,0.7631038109244979,328,b e* a*,b* c* d*,c* f* b*,e* d c,f a a 
1736091986018-242,0.7084200766842677,0.4059076210895743,0.41439555054774146,298,a a b*,a c e*,a e d*,a* d* b,c* f* d*,e* a a* 
1736091830086-7,0.7416269857493344,0.20445984799509684,0.425333350888274,318,b* c f*,b* d* e,b* e* c*,c* a* d,d a f*,f a a* 
1736093878568-1787,0.6926128730303845,0.6563373891239521,0.3087902857755142,277,a e* d,b b* b*,c* f* b*,d* d a,e* e* e 
1736093878568-1787,0.7173862795203513,0.6563373891239521,0.7943823198045382,277,b a e*,b e* b,c f* d*,d* d a,d* d b,f e* f 
1736096513986-2820,0.7649804508708362,0.7063973144082362,0.632732971438725,328,a* c f*,b c* f,b* a* f*,d* d b,e* a* f,f a e* 
1736092290840-645,0.7423587152714027,0.5650421083902113,0.4217102675385353,308,a a b,c* f* d,d d d,d f* a,e f a,e* f e 
1736093878568-1787,0.6046381598019044,0.46802490408061403,0.08318245305385782,298,a e* d,b e* b,c f* d*,d* d a,f e* f 
1736093059129-1359,0.7196560334099036,0.8410833792056275,0.6500052766153037,318,b b a,b* b f,e e e*,f e f*,f* a a,f* b* d 
1736091875427-81,0.6681233979691157,0.7861614701036963,0.08600002309906524,298,b a e*,b c* e*,b* d* d*,c* c d*,e* c c*,e* f* b 
1736093878568-1787,0.7309753787447001,0.6563373891239521,0.43483725394015144,277,a e* d,b e* b,c* f* b*,d* d a 
1736092141067-455,0.7310350310788744,0.7018492947765127,0.49011294536356476,298,b* d* d*,c* a* c*,c* d a*,e c e*,e* e d*,f e f* 
1736113083706-6272,0.7096943326261984,0.2960066480246782,0.6762549336419752,298,a b* c*,a f d,b* d* d*,c a e,e b* e 
1736092807433-1182,0.699541856997378,0.6730412961888661,0.15223539780274215,298,a b* a*,a d* b,a* f* f*,b* d* d*,c e* b,f e f* 
1736091986018-242,0.6453209715453625,0.5602686789122171,0.21711749738300626,277,a a a*,a c e*,c c b,f c f* 
1736098733763-3552,0.7532296275303637,0.9398364992380556,0.8820554971349551,277,a* c a*,c* f* b*,d a f*,d* e e,e* d c,f* f* e 
1736092045234-327,0.7648991008461572,0.3071055788736993,0.6035227245247176,328,b a* d,c c d,d b c,d e d*,f c d,f e a* 
1736092807433-1182,0.7661308711041376,0.38462980711293704,0.7150656298873145,328,a b* a*,a d* b,a* f* f*,b* d* d*,e e c,f e f* 
1736091858575-55,0.663798121304541,0.2177255347796147,0.18012111430867261,308,b* a* a*,c c f,c d f,e b* f,f a* c* 
1736091986018-242,0.7415520265624258,0.5602686789122171,0.5577215113759045,277,a a a*,a c e*,a* e f,b c d,b c e,c c b 
