fitness,scaled_energy,b/c,temp,strand_set
0.6539795319343487,277,0.6668144846320619,277,b d f,b f f,d e* a*,e* d a 
0.7544782653139122,328,0.6606627464427307,328,c f* c,c* e d,d* c b*,d* f c* 
0.7076007070611182,318,0.6580821508821979,318,a b* e,a* f b,b* a* d,c c* b,e* b e,e* e* d 
0.7544782653139122,328,0.41210726013230814,328,a b* e,a* f b,b* a* d,c c* b,e* b e,e* e* d 
0.6892957722044705,298,0.6272793511778907,298,a* c e,b d d,b* b f*,b* c b*,e a* c,e* a* b 
0.7872564224767797,358,0.21426251712094121,358,a* e f*,b b* e,b* a b*,e e* d*,e* a c*,e* d d* 
0.754900474446172,328,0.6606627464427307,328,b* e* f,c f* c,c* e d,d* c b*,d* f c* 
0.5771118061352775,298,0.4993269213296661,298,b d f,b f f,b f* f,d e* a*,e* d a,e* e* d 
0.6858224084607473,298,0.4993269213296661,298,b d f,b e* f,b f f,b f* f,d e* a*,e* d a 
0.7860507570661364,358,0.21426251712094121,358,b b* e,b c* f*,b* a b*,b* d* a*,d d* e,e e* d* 
0.6942630052041374,298,0.5242256128047652,298,a a c*,e c* a,f f* c,f* d* e 
0.7545521270557878,328,0.6606627464427307,328,b* e* f,c c a*,c f* c,d* c b*,d* f c* 
0.7010273394121103,308,0.18678487686164147,308,a b c*,b b c*,c b e,e d c,f d e*,f* c* c* 
0.7140913818628011,318,0.6580821508821979,318,a b* e,a* f b,c c* b,e* a c,e* b e,e* e* d 
0.7544782653139122,328,0.1943970288525723,328,a a* a,b c e,b* a c*,e a* a* 
0.6220499016366294,277,0.42035431744537016,277,c* d c*,f a b,f b d,f d e*,f* d b 
0.753523050362023,328,0.4097243784878493,328,a b* a,a f* f,b e c*,c* d d*,d a f*,d f b* 
0.6483751429004537,277,0.8642057551709966,277,a a b,a f* e,c a d,c c f*,c* c e*,d c* e* 
0.7563499729773673,328,0.12206093899214109,328,a a c*,a* b* b*,d* f b*,e* c f*,e* f d* 
0.6293746794950598,298,0.27670872743721997,298,c* d c*,f a b,f b d,f d e*,f* d a 
0.6846109465020079,308,0.4461810527438405,308,a a c*,b* b f*,e c* a,f c* d*,f f* c,f* c* b 
0.6195600894209716,298,0.27670872743721997,298,c* d c*,f b d,f c* a,f d e* 
0.7246355528095022,308,0.5063159815891805,308,a a a*,a* e* b,b f e*,d d e*,e d c,e* f d 
0.7133284019746192,318,0.4949762985933611,318,c* b* a,d f b,d f f*,d* f a*,f f f,f* f d* 
0.6606686417678902,308,0.5986640704588737,308,a* e* b,a* f* f,c* b* c,d* c c,f a* f,f e* e* 
0.6947049155231394,318,0.5414552784025859,318,a c* c*,a* f e*,b a f,d a e*,e* c* f,f* f a 
0.7316674449459473,318,0.7296715898061292,318,a a a*,c e* f,c* a f*,f c c*,f* d b*,f* e* b* 
0.5830692465320609,298,0.6272793511778907,298,b d d,b* b f*,b* c b*,e a* c,e* a* b 
0.7544782653139122,328,0.4443543084858757,328,a e* e,b* c b*,d* e c,e f a*,f c f* 
0.6955805749146041,318,0.2921926569382294,318,a* c f*,b c* c*,b* e* a,c e* d*,d f* d*,e a* f 
0.6947049155231394,318,0.42386952879607986,318,a d e,d a a,e* d e,f* a* c,f* f* f 
0.692042576762714,277,0.7493726997123418,277,a d e,a* c c*,b f b*,e* d e,f* f* f 
0.5830692465320609,298,0.4993269213296661,298,b d f,b e* f,b f f,b f* f,c a b,e* d a 
0.7562054430979027,328,0.12206093899214109,328,a a c*,a* b* b*,d* f b*,e* c f*,e* f d*,f c e* 
0.6195600894209716,298,0.7921444695871614,298,c* b* a,d f b,d f f*,d* f a*,f d d,f* f d* 
0.7560059686042616,328,0.1422540107331826,328,a a c*,a e* c,b f f,e* d a 
0.6955805749146041,318,0.5414552784025859,318,a c* c*,a* f e*,b a f,d a e*,e e* b,f* f a 
0.6606686417678902,308,0.7097642695225618,308,c* b* a,d f b,d f f*,d* f a*,f d d,f* f d* 
0.7140913818628011,318,0.4949762985933611,318,c* a b,d f b,d f f*,d* f a*,f f f,f* f d* 
0.675040947403649,308,0.2967758554339118,308,a a a,a b a,d d* d,f* d* d* 
0.775705391024132,338,0.5772284132652841,338,a b a,b c a,b* c* e,c b e*,f d c 
0.686324371203676,277,0.9287931073119057,277,a a a*,a* e e*,a* f f*,c* a f*,e* f* c*,f* d b* 
0.7770089928330465,338,0.5772284132652841,338,a b a,b c a,b* c* e,c b e*,d c* a,f d c 
0.6606686417678902,308,0.2153780783924083,308,b* c* e,c* d c*,f a b,f b d 
0.7563499729773673,328,0.1422540107331826,328,a a c*,b d f,d e* a*,e* d a 
0.702538097529419,308,0.4461810527438405,308,a a c*,b* b f*,d a* d*,e c* a,f c* d*,f f* c 
0.741099397011441,277,0.9287931073119057,277,a a a*,a* f f*,c* a f*,f c c*,f* d b* 
0.6528965893786176,277,0.6943000541310863,277,a* d e*,c* d a*,e a* a,f e f* 
0.6539795319343487,277,0.40028838284720236,277,a b c*,b b c*,c b e,e* e a,f d e*,f* c* c* 
0.7719449233083646,338,0.46872188393130004,338,b* b f,c d* b*,c* a* d*,e b a,e e c*,f f f 
0.7560059686042616,328,0.18361072436265433,328,a a c*,b* b f*,c* e* b,f f* c,f* c* b,f* c* d 
0.7140913818628011,318,0.23822508555468008,318,a a a,b a f,d d* d,d f* c*,f b f,f* d* d* 
0.680419902209208,308,0.4461810527438405,308,a a c*,b* f b,d f b,d* f f*,f f* c 
0.5792297790843748,277,0.6668144846320619,277,b d f,b e* f,b f f,b f* f,c a b,e* d a 
0.6718747602922407,308,0.2153780783924083,308,b* c* e,c* a* c,c* d c*,d e a*,e* d* e,f a b 
0.6534113061491332,298,0.5242256128047652,298,a a c*,b e* c,e a f,e c* a,f f* c 
0.6959402298416072,318,0.6450012361041064,318,a a b*,a d* f,a e b*,c b e,e e* f,f f* b* 
0.6539795319343487,277,0.42035431744537016,277,c* d c*,d* a* b,f a b,f a f,f a* f,f d e* 
0.6406346155024099,298,0.4993269213296661,298,a* b* e*,b d* d,b e* f,b f* f,d e* a*,e* d a 
0.7212556519193174,318,0.6489820374126483,318,a a c*,a b* d,b* a* a,d c* e*,f d* b,f* a* a 
0.6680474804485622,308,0.4461810527438405,308,a a c*,b* b d,b* b f*,f a* e*,f f* c,f* c* b 
0.7717686433784469,338,0.2671115018935419,338,a b* a,a f* f,b e c*,c* d d*,d a f*,d f b* 
0.679906356017591,308,0.3054944249241547,308,a d* b*,a e b*,b b* c*,c* d b*,d* d* d 
0.7562054430979027,328,0.1422540107331826,328,a a c*,b d f,b f f,d e* a*,e c* e*,e* d a 
0.7713377644765423,338,0.5118697492682799,338,a f c,a* e b,b a b*,b* a c,f a a,f c* e* 
0.6728530613851252,308,0.5986640704588737,308,a* e* b,b* e b,c a* b,d* c c,f a* f,f e* e* 
0.6959402298416072,318,0.6450012361041064,318,a a b*,a d* f,a e b*,a* a c,c b e,f f* b* 
0.6220499016366294,277,0.4817841804122825,277,a c* f,a f* f*,c d d*,c d* e,c* a* b,e c f 
0.6749062695391752,298,0.8543501960795774,298,a a a*,c* a f*,e a* d*,f c c* 
0.7140913818628011,318,0.2831115121490759,318,b d c,d e* a*,d* a f,f c* e,f d b*,f* a* f* 
0.7740012015373836,338,0.14017561137323709,338,a a c*,a b e*,e a f,e c* a,f f* c,f* f* c 
0.770905564005347,338,0.3181173426874398,338,a* c e,c* c a*,e* c* e,f e a,f* e c*,f* e* c 
0.679906356017591,308,0.2153780783924083,308,a* b* f,c* d c*,e* a b*,f a b 
0.5755905058754781,298,0.27670872743721997,298,c* d c*,d c* c,f b d,f c* a,f d e* 
0.77243490990974,338,0.5118697492682799,338,a f c,a* e b,b a b*,b* a c,c e e*,f a a 
0.7127680915990516,298,0.8543501960795774,298,a a a*,a f* f*,c e* f,e a* d*,f c c*,f* d b* 
0.7089880301911345,298,0.8543501960795774,298,a a a*,b f* d,c e* f,c* a f*,f c c*,f* d b* 
0.6765806594710332,277,0.9195762657986316,277,a a b*,c b e,d f* e*,e e* f,e* c e,f f* b* 
0.756115860223295,328,0.3356935965017803,328,a a b,a f* e,c a d,c c f* 
0.6968896448573977,277,0.7493726997123418,277,a d e,a* c c*,b f b*,e* d e,f* d* c,f* f* f 
0.6539795319343487,277,0.4666654617677819,277,a c a,a e* a,b b* c,c a* a,c e d,d e* b 
0.7324435383717646,308,0.5063159815891805,308,a a a*,b c* f,b f e*,c* a d,d d e*,e d c 
0.7545521270557878,328,0.41210726013230814,328,a b* e,c c b,c c* b,d* f e*,e* e* d,f a* c 
0.5771118061352775,298,0.39003324833670505,298,a* a* d*,a* b e,d* b f*,e* c* d 
0.7194373162676295,277,0.9287931073119057,277,a a a*,a* f f*,c* a f*,e c b*,f c c*,f* d b* 
0.6966916277577729,277,0.7442956895153968,277,a d d,a* c e*,b b c*,b e* a,e f* e,f* d* c 
0.7269663881492218,277,0.9287931073119057,277,a a a*,b f e*,c* a f*,c* d* c,e a* d*,f* d b* 
0.7066299104599408,318,0.23822508555468008,318,a a a,b a f,d f* c*,e e e*,f* d* d* 
0.7736343798311087,338,0.32363372501895965,338,a a a*,b* c* f*,c a b*,c* a f*,f c c*,f* d b* 
0.723650223270856,308,0.8010253538512796,308,a a a*,c e* f,c* a f*,c* d* c,e a* d*,f* d b* 
0.5754832308560217,298,0.24707969428580764,298,a b c*,c b e,e d c,f d e*,f* c* c* 
0.711822613300366,308,0.4461810527438405,308,a a c*,b* b f*,f a* e*,f f* c,f* c* b,f* f a* 
0.7718073979700296,338,0.29613536187923445,338,a* e* a,d* d b,e* f* f*,f b* d* 
0.5756493504259537,298,0.5187028814451496,298,a* b a,a* d* a,b b* a,c* c* a,c* c* e,d b f* 
0.7324435383717646,308,0.8010253538512796,308,a a a*,c e* f,c* a f*,e a* d*,f* d b* 
0.6606686417678902,308,0.41264232278673524,308,b a a,b f* f,d b d*,d e* a*,d* d d,f d b* 
0.6606686417678902,308,0.3234444094089343,308,a e d*,b* f e*,d a c,d b* c,d c* f*,f* c d 
0.6266088550233027,277,0.5041228002090544,277,a a a,a b a,d d* d,f* d* d* 
0.7047464754433425,308,0.4461810527438405,308,a a c*,b d* c,b* b f*,e c* a,f f* c,f* c* b 
0.6954155182631342,298,0.8543501960795774,298,a a a*,c e* f,c* a f*,e a* d*,f* d b* 
0.7204936901271052,277,0.9287931073119057,277,a a a*,c e* f,c* a f*,c* d* c,e a* d*,f a* a* 
0.7342190656784208,318,0.7296715898061292,318,a a a*,a* e e*,a* f f*,c* a f*,e* f* c*,f* d b* 
0.780824334217347,348,0.37743363515518363,348,a a e,b b b*,b* e* c*,e d f*,e* b f*,e* d e 
0.7563499729773673,328,0.12206093899214109,328,a a c*,a* b* b*,b* b* b*,e* a c*,e* f d* 
0.6728530613851252,308,0.2153780783924083,308,b* c* e,c* c* d,c* d c*,f a b,f b d 
0.756115860223295,328,0.4866679716613593,328,a a b,e a* d,e* b* c,e* c c* 
0.6858224084607473,298,0.24707969428580764,298,a b c*,b* b* c,c b e,c* e* a,e d c,f d e* 
0.7066299104599408,318,0.16152952031743598,318,b d* b*,c* d c*,f b d,f c* a,f d e* 
0.6728530613851252,308,0.41264232278673524,308,b f* f,d b d*,d e* a*,d* d d,f d b* 
0.7042556121457609,298,0.5969301944833294,298,a a a*,b f e*,d b e,d d e*,e d c,e* f d 
0.7519149101788695,318,0.3406249574085934,318,a a a*,b f e*,c b a,d d e*,e d c,e* f d 
0.7860507570661364,358,0.21426251712094121,358,b b* e,b* a b*,b* d* a*,c e b*,d d* e,e e* d* 
0.7188556421450261,318,0.13947774020131504,318,a b c*,b* b* c,c b e,e d c,f d e*,f* c* c* 
0.7066299104599408,318,0.5749179160284386,318,a e d,a f d,a* f f,d* d f*,d* e b,f* d a 
0.7572514246848114,328,0.12206093899214109,328,a a c*,a c* f,a* b* b*,d* f b*,e* f d*,f c e* 
0.7740012015373836,338,0.10610276708823178,338,a a c*,b d f,b f f,d e* a*,e* d a 
0.6606686417678902,308,0.18678487686164147,308,a b c*,b b b*,c b e,e d c,e* f d,f* c* c* 
0.6971529058602122,298,0.5242256128047652,298,a a c*,b b* f*,e c* a,f f* c,f f* e*,f* c* b 
0.7720761436434928,338,0.08809271248920911,338,a a c*,a* b* b*,a* e* c*,e* a c*,e* c f*,e* f d* 
0.6890041551894389,298,0.39003324833670505,298,a* a* d*,b f e,e* c* d,f* c* a* 
0.7564612230043471,328,0.12206093899214109,328,a a c*,a* b* b*,d* f b*,e* c f*,e* f d*,f* a* c* 
0.6718747602922407,308,0.2967758554339118,308,b a f,b* c* a,d d* d,f d b,f* d* d*,f* f d 
0.7552263821153549,328,0.509171642963266,328,a b b,b* a* b*,e b* e,f* c a*,f* c c 
0.6858224084607473,298,0.39003324833670505,298,a* a* d*,a* b e,d a* f*,d* b* f*,e* c* d,f* c* a* 
0.7740267008506629,338,0.5772284132652841,338,a b a,b c a,c b e*,f d c,f* a* c* 
0.7715462114444026,338,0.5571757361018912,338,b* e* f,c f* c,c* e d,d* c b*,d* f c*,f* e* c 
0.7717686433784469,338,0.060371923477033795,338,a e d*,b* f e*,d b* c,d c* f*,f e b*,f* c d 
0.6343470910031226,308,0.41264232278673524,308,b d f,b e* f,b f f,b f* f,e* d a 
0.7563685521929796,328,0.7418680982948586,328,a a f*,a b a,a e c,b* b b,e b b* 
0.6351000694538408,308,0.8900316219872765,308,a a f*,a b a,a e c,b* b b,e b b* 
0.6794825391887057,308,0.4461810527438405,308,a a c*,b* b d,b* b f*,f a* e*,f f* c 
0.7014592481025124,308,0.8010253538512796,308,a a a*,a* e e*,a* f f*,c* a f*,e* f* c*,f* d b* 
0.7757616163226079,338,0.3996627685207471,338,a b b,a e c,b b* e,e* d d*,f d* a* 
0.7568991112850608,328,0.7418680982948586,328,a a f*,a b a,a e c,b* b b,e b b*,e e* a* 
0.7822166830631478,348,0.32125580439407725,348,a b a,b* c* e,c a* b,c d* b*,d e* e*,f a* c 
0.6923634649819621,318,0.27445336431206996,318,a a c*,b* b f*,e c* a,f f* c,f* c* b,f* c* e 
0.7211948759697916,308,0.8010253538512796,308,a a a*,a* e e*,a* f f*,b* c* a,b* d a,e* f* c* 
0.6719101855438041,298,0.5969301944833294,298,a a a*,b f e*,d d e*,e* f d,f* e* c* 
0.7563499729773673,328,0.12206093899214109,328,a a c*,a* b* b*,b* b* b*,d f d,e* f d* 
0.7069150921224749,308,0.18678487686164147,308,b b c*,b* f* e,c b e,e d c,f d e*,f* c* c* 
0.7555346257419258,328,0.3348238447500046,328,a a b,a d e,d a a,e f* b,e* d e,f* f* f 
0.6109292401906675,298,0.5242256128047652,298,a a c*,b* f b,c* c* b,d* f f*,e c* a,f f* c 
0.7733225508330038,338,0.2520731151208485,338,a b b,b* a* b*,e b* e,f* c a*,f* c c 
0.5830692465320609,298,0.9425785607192075,298,a* e d*,b b a,d e* b*,e* a c,e* e c* 
0.6332126278849912,298,0.7031086332157189,298,a a b,a f* e,b e f*,c a d,d c* e*,e* d* c 
0.665731395521925,308,0.18678487686164147,308,a b c*,b b b*,c b e,c* e* f*,e* f d,f* c* c* 
0.7563499729773673,328,0.18361072436265433,328,a a c*,b* b d,b* b f*,f a* e*,f f* c 
0.7721216319908802,338,0.32363372501895965,338,a a a*,a* e e*,a* f f*,c* a f*,e* f* c*,f* d b* 
0.7564612230043471,328,0.1422540107331826,328,a a c*,b f f,c* e* e*,d e* a*,e* d a 
0.7519149101788695,318,0.7296715898061292,318,a a a*,c* a f*,c* f d*,c* f* f*,f a b*,f* d b* 
0.7051588053735197,318,0.27445336431206996,318,a a c*,b e* c,e a f,e c* a,f f* c 
0.5754832308560217,298,0.36087628978763997,298,a a a,d d* d,d f f*,d f* c*,f* d* d* 
0.7076007070611182,318,0.23822508555468008,318,b a f,d d* d,d f* c*,e e e*,e* a c*,f* d* d* 
0.7713377644765423,338,0.6326203983942164,338,b f* c,b* a* b*,c* a d,d f c,e a c*,f e d 
0.6955300368670756,318,0.23822508555468008,318,b* c* a,d d* d,d f* c*,e f b,f* d* d* 
0.6451983252453398,308,0.7486107960150004,308,a a b*,a b c,c b e,e e* f,e* c e,f f* b* 
0.5957668448087933,298,0.8182147482161733,298,a a b*,a d* f,a e b*,c b e,e e* f 
0.7437479928688273,318,0.7296715898061292,318,a a a*,c* a f*,c* f* f*,f a b*,f f* c*,f* d b* 
0.7545521270557878,328,0.7418680982948586,328,a b d*,a e c,b c a,b* b b,c b e*,e b b* 
0.7132309685664937,318,0.27445336431206996,318,a a c*,b* f b,d f b,d* f f*,f f* c 
0.6348956375005871,308,0.2967758554339118,308,a a a,a b a,d d* d,e d c*,f* d* d* 
0.7026786822602998,308,0.8010253538512796,308,a a a*,c a e*,c e* f,c* a f*,f* d b* 
0.6319889666880483,298,0.39003324833670505,298,a* a* d*,a* b e,c c* f*,d* b* f*,e* c* d,f* c* a* 
0.7560059686042616,328,0.12206093899214109,328,a a c*,b* b* b*,e* a c*,e* f d* 
0.7572514246848114,328,0.12206093899214109,328,a a c*,b* b* b*,c* e* d,e* a c*,e* f d* 
0.7748248445553698,338,0.3996627685207471,338,a b b,a e c,b b* e,d d* d*,e* d d*,e* f* c* 
0.6451983252453398,308,0.7486107960150004,308,a a b*,a b c,b* e* d,e e* f,e* c e,f f* b* 
0.712738317019003,298,0.5969301944833294,298,a a a*,b f e*,d d e*,e* f d,f e b,f* e* c* 
0.6406346155024099,298,0.39003324833670505,298,a* a* d*,a* b e,c c* f*,e* c* d,f e f*,f* c* a* 
0.7338445825380079,318,0.7296715898061292,318,a a a*,a* e e*,a* f f*,d f* f,e* f* c*,f* d b* 
0.7563499729773673,328,0.5109964392705881,328,a a c*,b* a* a,d c* e*,f d* b,f* c b,f* c* a 
0.770905564005347,338,0.5571757361018912,338,c f* c,c* e d,d* c b*,d* f c* 
0.7559011987623866,328,0.7418680982948586,328,a a f*,a b a,a e c,e b b*,e e* a* 
0.6966916277577729,277,0.6668144846320619,277,b d f,b e* f,b f f,b f* f,b* d* e,e* d a 
0.7717686433784469,338,0.5571757361018912,338,b* e* f,c f* c,c* e d,d c e,d* c b*,d* f c* 
0.7564612230043471,328,0.5109964392705881,328,a a c*,b* a* a,d c* e*,f d* b,f* c* a 
0.5719274046165315,277,0.7493726997123418,277,a d e,b f b*,e* d e,f* d* c,f* f* f 
0.7824078623292854,348,0.32125580439407725,348,a b a,c a* b,e a e*,e* e b,f d c,f* d* e* 
0.6375847404908985,298,0.5187028814451496,298,a* b a,a* d* a,d b f*,e c* b 
0.6947049155231394,318,0.13947774020131504,318,b b c*,b* d* c,c b e,e d c,e* d* d*,f* c* c* 
0.730502294172146,277,0.9287931073119057,277,a a a*,a* f f*,c* a f*,e b c,e c b*,f* d b* 
0.7013399026880044,308,0.8010253538512796,308,a a a*,a* e e*,a* f f*,b* e c,c* a f*,f* d b* 
0.7562087710883812,328,0.18677745221991002,328,a b a,a c e*,d d* d,d e* b,f* d* d* 
0.687372753232972,308,0.5977035537536259,308,a b b,a f* c,b d e,d* b c*,e f e,f* c d* 
0.6471089995333456,277,0.5041228002090544,277,a a a,a b a,b d* b,c c b*,d d* d,f* d* d* 
0.6680474804485622,308,0.7692817982651542,308,a a c*,c c c,d c* e*,f d* b,f* a* a,f* c b 
0.6898344583921964,277,0.9287931073119057,277,a a a*,a* f f*,b* d a,b* d* b*,e* f* c*,f* d b* 
0.6471754207240475,308,0.4461810527438405,308,a a c*,b* b f*,e c* a,e e c,f c* d*,f f* c 
0.6345802716636834,308,0.3203583909455615,308,a* b e,b b a*,b f e,e* c* d,f b f 
0.7562054430979027,328,0.12206093899214109,328,a a c*,a* b* b*,b* b* b*,d d b*,e* a c*,e* f d* 
0.6582564422003693,298,0.4993269213296661,298,a a c*,b d f,b f f,e* a c,e* d a 
0.709193695060775,308,0.8010253538512796,308,a a a*,b* c b*,c e* f,c* a f*,c* d* c,e a* d* 
0.7051588053735197,318,0.6489820374126483,318,a a c*,a b* d,b* a* a,d c* e*,f* a* a,f* b b 
0.6220499016366294,277,0.6215346690893223,277,a* c* a*,b b* d,b e* a,b* c f*,e* e* b*,f d* a* 
0.7066299104599408,318,0.2921926569382294,318,a* c f*,b* e* a,c e* d*,d f* d*,e a* f 
0.6353323983487281,308,0.8900316219872765,308,a a f*,a b a,a e c,c* f b,e b b* 
0.7080236310497473,308,0.5977035537536259,308,a b b,a f* c,d* b c*,e* d e*,f* c d*,f* c* c 
0.7559648477285614,328,0.7418680982948586,328,a a f*,a b a,a e c,c d b*,e b b* 
0.7010273394121103,308,0.5699966408072774,308,a* e* c*,c f* c*,d e e*,f b f* 
0.7562054430979027,328,0.1422540107331826,328,a a c*,b d f,b f f,d e* a*,e c* e* 
0.6969701066597404,277,0.4817841804122825,277,a f* f*,b f a,c d d*,c d* e,c* a* b,e c f 
0.6890041551894389,298,0.36087628978763997,298,a a a,c a* a,d f* c*,f d* b*,f* d* d* 
0.7715462114444026,338,0.060371923477033795,338,a e d*,b* f e*,d b* c,d* f f,f e b*,f* c d 
0.6924489668917242,277,0.6668144846320619,277,b d f,b e e,b e* f,b f f,b f* f,b* d* e 
0.6345802716636834,308,0.8146999629589843,308,a d b*,a* a a,b* a b,c c* e,d f* e 
0.7726240751396378,338,0.3486321902389441,338,a a b*,a a c*,a b c,b* e* d,e* c e,f f* b* 
0.7562054430979027,328,0.5109964392705881,328,a a c*,c c c,d c* e*,f d* b,f* a* a,f* c b 
0.6892957722044705,298,0.39003324833670505,298,a* a* d*,a* b e,b b c*,f* c* a*,f* d a 
0.7069150921224749,308,0.4461810527438405,308,b* b d,b* b f*,e* c* d,f a* e*,f f* c,f* c* b 
0.7562054430979027,328,0.3618197515294261,328,a a c*,a c* c*,a* f e*,b a f,d a e*,f d d* 
0.679906356017591,308,0.5977035537536259,308,a f* c,b d e,c* b b,d* b c*,e f e,f* c d* 
0.680419902209208,308,0.7692817982651542,308,a a c*,b* a* a,d c* e*,f d* b,f* c b,f* c* a 
0.727291316539435,277,0.9287931073119057,277,a a a*,c e* f,c* a f*,c* d* c,d e d,f a* a* 
0.6730876105828097,308,0.7625100887890797,308,a a c*,c c a,d a* e*,d* f f,f* e* a 
0.7118070307645764,277,0.9195762657986316,277,a a b*,c b e,e e* f,e* c e,e* f d* 
0.7750307998345042,338,0.5772284132652841,338,a b a,b c a,e a e*,e e b,e* e b,f d c 
0.7342190656784208,318,0.3406249574085934,318,a a a*,b f e*,c b a,d d e*,e* f d,f* a* b 
0.7719061140190999,338,0.2184892266931129,338,a a b,c* d* d,e a* d,e* b* c,e* c c*,f* a e 
0.6777482514834674,298,0.5355115561706473,298,a a b*,c c b,f c* b,f* d f* 
0.7560059686042616,328,0.5109964392705881,328,a a c*,c c c,c* a e*,f d* b,f* a* a,f* c b 
0.7542885505660019,328,0.21304492028968647,328,a f* f*,a* c* a*,c d c,e f* b*,f d c* 
0.6341746121499285,308,0.3203583909455615,308,a* a* d*,b b a*,b f e,c b a*,d c e*,e* c* d 
0.7177045623709976,318,0.7999665450709081,318,a a f*,a d e,b* c* e*,c* e c*,d e c*,e* b* b* 
0.7513308584140503,318,0.7296715898061292,318,a a a*,c* a f*,c* f d*,f a b*,f* d b* 
0.6349534901339188,308,0.3203583909455615,308,a* a* d*,b b a*,b f e,c a* c,c b a*,e* c* d 
0.7714847374369964,338,0.060371923477033795,338,a e d*,d b* c,d* f f,f e b*,f* c d 
0.6924489668917242,277,0.4666654617677819,277,a c a,b b* c,c a* a,c e d,d e* b,d* f c 
0.7553230659955341,328,0.4866679716613593,328,a a b,a* e e,e a* d,e e* e*,e* c c*,f* a e 
0.6463171847566133,277,0.6215346690893223,277,b b* d,d a b,d b* b,d d* e*,e* e* b*,f d* a* 
0.6195600894209716,298,0.39003324833670505,298,a* a* d*,a* b e,a* d b,b b c*,e d* e,f* c* a* 
0.77303568465773,338,0.32363372501895965,338,a a a*,c* a f*,c* f* f*,e* c c,f a b* 
0.7068394519550775,308,0.3203583909455615,308,a* a* d*,a* b e,d a* f*,d* b* f*,e* c* d,f* c* a* 
0.7127680915990516,298,0.5969301944833294,298,a a a*,b c* f,c c* e,c* a d,d d e*,e d c 
0.7293003814549044,277,0.9565050661892314,277,a a a*,a b b,b f* c*,e f c*,f* c a*,f* c c 
0.7563499729773673,328,0.1422540107331826,328,a a c*,b d f,b f f,c* a b*,e* a c,e* d a 
0.6463171847566133,277,0.4666654617677819,277,a c a,a e* a,b b* c,c e d,c* e f,d e* b 
0.6582564422003693,298,0.5242256128047652,298,a a c*,d b d,e c* a,f c* d*,f f* c 
0.7070809881462554,318,0.23822508555468008,318,a a a,a a b*,a c d*,b a f,d d* d,f* d* d* 
0.5725510358485003,277,0.6668144846320619,277,b d f,b e* f,b f f,c a b,e* d a,f f b* 
0.7553692388210674,328,0.3348238447500046,328,a a b,a* f c*,d a a,e f* b,e* d e,f* f* f 
0.6858224084607473,298,0.6272793511778907,298,b d d,b* b f*,b* c b*,c a d*,e a* c,e* a* b 
0.7714635808426701,338,0.5118697492682799,338,a f c,b a b*,b* a c,c* d b*,e d c,f c* e* 
0.7331561799308773,318,0.3801893634991609,318,a a a*,a* f e,b* f f,d c c,d e* a* 
0.6225392536287644,298,0.36087628978763997,298,a a a,a b a,d d* d,f* d* d* 
0.6539795319343487,277,0.6215346690893223,277,a* c* a*,b e* a,d b* c*,d* a f,e* e* b*,f d* a* 
0.7211177553825381,318,0.23822508555468008,318,a a a,b a f,d f* c*,e e e*,e* a c,f* c* e 
0.7566332044670248,328,0.7418680982948586,328,a a f*,a b a,a e c,d d e*,e b b*,e e* a* 
0.659648932136301,298,0.6327732894362434,298,a a c*,b* b* b*,c* e* d,e* a c* 
0.7731419390022957,338,0.6326203983942164,338,b f* c,b* a* b*,c* a d,c* e* f*,d f c,e a c* 
0.7542885505660019,328,0.6606627464427307,328,b* e* f,c a b*,c f* c,c* e d,d* f c* 
0.720805091050537,298,0.5969301944833294,298,a a a*,d b e,d f* b,d* a* d,e c c*,f b* f* 
0.788585042431868,358,0.17376613736699664,358,a a b*,a a c*,a b c,a* c c*,e* c e,f f* b* 
0.5993206405774605,277,0.7493726997123418,277,a b b,a d e,a* c c*,c d* d,d* b f* 
0.7133284019746192,318,0.8352795223761256,318,b c a,b* c* e,c b e*,d c* a,f d c 
0.7560059686042616,328,0.5109964392705881,328,a a c*,b* a* a,d c* e*,e* b b*,f* c b,f* c* a 
0.7740012015373836,338,0.42075834048647504,338,a a c*,a b* a,d c* e*,f d* b,f* a* a,f* c b 
0.6346628140949678,308,0.2967758554339118,308,a a a,a b a,d d* d,f* b c 
0.6713110239635268,298,0.5242256128047652,298,a a c*,b b b,d b d,e c* a,e e f,f f* c 
0.7560059686042616,328,0.5109964392705881,328,a a c*,b* a* a,d c* e*,f* c b,f* c* a 
0.6959402298416072,318,0.4542109402658289,318,a a b*,a d e*,a e* e*,a* e* a,c* d* f* 
0.7063063269426937,308,0.6140087557471209,308,a a b,a f* e,c* c e*,e* f c*,f* d e 
0.6728530613851252,308,0.3234444094089343,308,a f* f*,d a c,d b* c,d* d c,f* c d,f* d* a 
0.780342547186378,348,0.37743363515518363,348,a a e,b b b*,b* e* c*,c f* d*,e* b f*,f d* b 
0.6740745451535237,308,0.8900316219872765,308,a b a,a c b,c b e*,c* a e,e a e*,f d c 
0.7723027082014038,338,0.08809271248920911,338,a a c*,a* b* b*,d* b* c,d* c* a,e* a c*,f* b e* 
0.698809870949991,277,0.5041228002090544,277,a a a,a b a,c a* e,f* d* d* 
0.6195600894209716,298,0.9425785607192075,298,a* e d*,b b a,b d f*,c f* c,e* e c* 
0.7561718296480765,328,0.5109964392705881,328,a a c*,d c* e*,d d* d,f* c b,f* c* a 
0.7370043027826879,277,0.7574856137324164,277,a a a*,a a b,b c* f,d d e*,e d c,f d b* 
0.7519149101788695,318,0.3406249574085934,318,a a a*,a* e* b,b f e*,b* f f*,c* d* c*,e* f d 
0.5792297790843748,277,0.4789215216562917,277,b a* c,b* c* f*,c* e* e,f* a d* 
0.7876060601388908,358,0.21426251712094121,358,a a c*,a* e f*,b b* e,e e* d*,e* a c*,e* d d* 
0.7212649074025305,318,0.29454771126728874,318,a a c*,a* b* b*,d* f b*,e* b* b,e* c f*,e* f d* 
0.6407195132383694,298,0.36087628978763997,298,a b a,b b* b*,b d e*,d d* d,f* d* d* 
0.720075249588191,298,0.8543501960795774,298,a a a*,c* a f*,d d* d,f c c*,f* d b* 
0.6293746794950598,298,0.9425785607192075,298,a c* b*,b b a,d e* b*,e* a c,e* e c* 
0.6406346155024099,298,0.6272793511778907,298,a* c c*,b b* f*,b d d,b d f*,e* a* b,e* a* e 
0.7715462114444026,338,0.5571757361018912,338,b* e* f,c f* c,c* e d,d* c b*,d* f c*,f f* c* 
0.7042556121457609,298,0.892796174338243,298,a a a*,b f* c*,c c c,e f c*,f* c c 
0.7552123135901972,328,0.06099555315462263,328,b a* c,b d* a,b f e,b* c* f*,e c d 
0.7104196265963424,318,0.7999665450709081,318,a a f*,b* c* e*,c* e c*,d e c*,e* b* b* 
0.7770089928330465,338,0.14342966383354191,338,a a a,a b a,c a* e,d d* d,f* d* d* 
0.7560059686042616,328,0.3618197515294261,328,a a c*,a* f e*,b a f,d a e*,f d d* 
0.7542885505660019,328,0.10547467658586578,328,a b c*,b b b*,c b e,e d c,e* a e*,e* f d 
0.679906356017591,308,0.3234444094089343,308,a f* f*,c e* e*,d b* c,d* d c,f* c d,f* d* a 
0.7744231834151943,338,0.3486321902389441,338,a a b*,a a c*,a b c,a* c c*,e* c e,f f* b* 
0.7550862531028357,328,0.18677745221991002,328,a b a,b d e*,d d* d,f* d* d* 
0.7562054430979027,328,0.5109964392705881,328,a a c*,a a* f,b* a* a,d c* e*,f d* b,f* c* a 
0.7302392833738975,318,0.3801893634991609,318,a a a*,a* d d,a* f e,d c c,d e* a*,f a c* 
0.6718420416070637,298,0.8543501960795774,298,a a a*,c e* f,e a* d*,e* b c*,f* d b* 
0.7237837088403679,318,0.13947774020131504,318,a b b,c* d* d*,e c* f,e d c,f d e*,f* c* c* 
0.6534113061491332,298,0.6327732894362434,298,a a c*,a* b* b*,b* f f*,d* f b*,e* b* b,e* f d* 
0.7725296750767692,338,0.32363372501895965,338,a a a*,b* c* f*,c a b*,c* a f*,e e* a,f* d b* 
0.7714847374369964,338,0.5118697492682799,338,a f c,b* a c,d* c b*,e d c,f a a,f c* e* 
0.692042576762714,277,0.6215346690893223,277,b b* d,d a b,d b* b,d d* a,e* e* b* 
0.6859377793875511,298,0.7988874115581923,298,a a b,a* e e,e a* d,e e* e*,e* c c*,f* a e 
0.7860507570661364,358,0.26852721311045896,358,a b f*,b* b* c,c c* e,d c d*,e e* b,e* d c 
0.692042576762714,277,0.7493726997123418,277,a d e,a* e* b*,b f b*,f* d* c,f* f* f 
0.7740024104010419,338,0.42075834048647504,338,a a c*,c c c,d c* e*,f d* b,f* a* e,f* c b 
0.7042556121457609,298,0.8543501960795774,298,a a a*,c* a e*,c* a f*,d d* d,f c c*,f* d b* 
0.6983856319941463,277,0.5041228002090544,277,a a a,a b a,c c b*,c* d* c,d d* d,f* d* d* 
0.694571766386854,298,0.6457621179022869,298,a a b*,a a* f*,a d e*,f d c 
0.7385549834104923,308,0.8412143489726035,308,a a a*,a b b,c a c,f* c c,f* d f,f* e c* 
0.6434634253657211,277,0.4789215216562917,277,b a* c,b* c* f*,c* e* e,d a* d*,f* a d* 
0.6585889442083483,308,0.8146999629589843,308,a a b,b b* c*,b d* b,e* c* c,f f* d,f* c* d* 
0.6942630052041374,298,0.4993269213296661,298,a a c*,b d f,b f f,c c c,d e* a*,e* d a 
0.6973901637614,318,0.29454771126728874,318,a a c*,a* b* b*,b* f f*,d* f b*,e* b* b,e* f d* 
0.6728530613851252,308,0.4461810527438405,308,b* b d,b* b f*,b* d b*,e* c* d,f f* c,f* c* b 
0.7335393791598158,318,0.7296715898061292,318,a a a*,a* e e*,a* f f*,b* e c,c* a f*,f* d b* 
0.7128580011223272,298,0.892796174338243,298,a a a*,a e* d*,b f* c*,e c b,e f c*,f* c c 
0.6969701066597404,277,0.6215346690893223,277,a* e* c,b b* d,b e* a,d* d* d,e* e* b*,f d* a* 
0.7541767511061127,328,0.7513485466015778,328,b* b* c,b* f f,c c* e,d c d*,d* b b*,e* d c 
0.7010273394121103,308,0.8832092253969208,308,b* b* c,b* c* e,c c* e,d* b b*,e* d c 
0.7770089928330465,338,0.14342966383354191,338,a a a,a b a,d c* a,d d* d,e* b e,f* d* d* 
0.629167926723585,308,0.2967758554339118,308,a a a,a b a,a c d,d d* d,f* b c 
0.7719449233083646,338,0.5118697492682799,338,a f c,a* e b,b a b*,b* a c,d f* a,f a a 
0.770905564005347,338,0.060371923477033795,338,d b* c,d c* f*,e e* a*,f* c d,f* d b*,f* d* e 
0.7881812875368578,358,0.05626539137022997,358,a a b*,c c b,f c* b,f* d f* 
0.6730876105828097,308,0.41264232278673524,308,a a c*,a e* c,a f f,b f f,e* d a 
0.7138331767653925,318,0.13947774020131504,318,a b b,c* d* d*,e c* f,e d c,f d e* 
0.7876060601388908,358,0.07930643368029983,358,a a c*,b b b,d b d,e c* a,e e f,f f* c 
0.6000233052207312,298,0.6457621179022869,298,a a b*,a a* f*,a d e*,e b* e*,f d c 
0.7563499729773673,328,0.5109964392705881,328,a a c*,b* a* a,b* b* f,f* c b,f* c* a 
0.6730876105828097,308,0.4461810527438405,308,a a c*,b* a e,b* b d,b* b f*,f a* e*,f* c* b 
0.7138007782652952,308,0.5977035537536259,308,a b b,a f* c,e* d e*,f c d,f* c d*,f* c* c 
0.7566332044670248,328,0.7418680982948586,328,a a f*,a b a,a e c,d d e*,e b b* 
0.7571948126415019,328,0.28063586176457317,328,a a c*,a a f*,a* d f*,b c* b,e a d*,f c* e 
0.7010756197404199,318,0.13947774020131504,318,a b b,c* d* d*,e c* f,f d e* 
0.6965060575666095,318,0.4542109402658289,318,a a b*,a e* e*,a* e* a,c e f*,c* b* f 
0.6892957722044705,298,0.8048220800602732,298,a* f c,b f b*,b* b c,c c d,f c* f* 
0.789283449937119,358,0.11443644404168649,358,a a b*,a b a,b f* a,e a e*,e* e b,f d c 
0.7347996565006957,318,0.3801893634991609,318,a a a*,b* f f,d c c,d e* a*,d* d a* 
0.7713377644765423,338,0.060371923477033795,338,b* f e*,d b* c,f e b*,f* c d 
0.7560607317070578,328,0.5943839510159595,328,a a f*,a a* e*,b* c* e*,c* e c*,e* b* b* 
0.7748248445553698,338,0.23310649986517248,338,a b b,a f* c,d* b c*,f* c d*,f* c* c 
0.6425814398115448,298,0.36087628978763997,298,a a a,a b a,c* d* f*,d d* d 
0.7738900983108914,338,0.3996627685207471,338,a b b,a e c,b b* e,e* d d*,e* f* c* 
0.7872564224767797,358,0.26852721311045896,358,b* b* c,b* c* e,c c* e,d* b b*,e* d c,f f b* 
0.7560059686042616,328,0.3618197515294261,328,a a c*,a c* c*,b a f,d a e*,e e d,f d d* 
0.7720761436434928,338,0.42075834048647504,338,a a c*,c c c,d c* e*,f d* b 
0.6950594745376517,318,0.09320154268563714,318,b a* c,b d* a,b f e,c* e* e,f* a d* 
0.7561718296480765,328,0.3618197515294261,328,a a c*,a* f e*,d a e*,e e* b*,f d d* 
0.647397087960956,277,0.7493726997123418,277,a a e,a d e,a* c c*,b f b*,e* d e,f* f* f 
0.7563499729773673,328,0.3645904545809843,328,a a c*,c c a,d a* e*,d* f f,f* e* a 
0.7177045623709976,318,0.8352795223761256,318,a a f*,a b* d,a e c,d d e*,e b b* 
0.656161691545101,308,0.5977035537536259,308,a b b,a f* c,f c d,f* c d*,f* c* c 
0.7288268422934402,318,0.7296715898061292,318,a a a*,a* e e*,b* e c,c* a f*,f* d b* 
0.7063063269426937,308,0.7330655510250194,308,a a b,a* e e,e a* d,e* b* c,e* c c*,f* a e 
0.6040159233266666,298,0.24707969428580764,298,a a a,a b b,e d c,f d e* 
0.7757616163226079,338,0.23310649986517248,338,a b b,a d* d,a f* c,e* d e*,f a f*,f* c* c 
0.7548068973595563,328,0.06099555315462263,328,b a* c,b d* a,b f e,b* c* f*,d* b a 
0.7744407202425218,338,0.14342966383354191,338,a a a,a b a,b d* c*,d d* d,f f* b* 
0.7010273394121103,308,0.2967758554339118,308,a a a,b a f,d f* c*,e e e*,e* a c,f* c* e 
0.7563499729773673,328,0.5109964392705881,328,a a c*,b* a* a,d c* e*,f d* b,f* c* a,f* e* e* 
0.6343470910031226,308,0.4888355268897914,308,a* b f,a* e* d*,e f d*,f* f b 
0.7715283461761913,338,0.6326203983942164,338,b f* c,b* a* b*,b* d e,c* a d,e a c*,f e d 
0.6319889666880483,298,0.24707969428580764,298,a* b* e*,b* b* c,c b e,e d c,f d e*,f f a* 
0.7556418625541844,328,0.6066984848818381,328,a b a,a d f,a f e*,c f* e*,e* c* a 
0.6309199146301261,298,0.8182147482161733,298,a a b*,a a c*,a b c,b* f* c,e* c e,f f* b* 
0.755266898620202,328,0.4656485139726087,328,a a f*,e e a*,f a* e*,f* d* a* 
0.6843808981404789,298,0.39003324833670505,298,a c f*,a* a* d*,a* b e,c c* f*,e* c* d,f e f* 
0.6471754207240475,308,0.727734204999298,308,a a c*,c b* f,c* c a*,e a d*,f b f 
0.7544782653139122,328,0.06099555315462263,328,b a* c,b* b f,b* c* f*,c* e* e,d e e*,f* a d* 
0.7751209426030002,338,0.5772284132652841,338,a a b*,a b a,b f* a,e a e*,e* e b,f d c 
0.7542885505660019,328,0.4112117173221712,328,a c* c,b* a d,b* b* c*,c e a,e d* f 
0.6534113061491332,298,0.718906764719284,298,a a c*,a* f e*,b a f,d a e*,f d d*,f d* e 
0.7544782653139122,328,0.7513485466015778,328,c c* e,d c d*,d* b b*,e* d c 
0.7204936901271052,277,0.9565050661892314,277,a a a*,c a c,d* a c*,d* e c*,e f c*,f* c a* 
0.7566185385072344,328,0.7418680982948586,328,a a f*,a b a,c d b*,e b b*,f b* f* 
0.7076007070611182,318,0.09320154268563714,318,b a* c,b d* a,b f e,b* c* f*,c d d,c* e* e 
0.7016206141164437,308,0.5063159815891805,308,a a a*,a* f a*,b f e*,d d e*,e* f d,f* a* b 
0.718885798047414,298,0.892796174338243,298,a a a*,c a c,d* a c*,e f c*,f* c a*,f* c c 
0.7719449233083646,338,0.060371923477033795,338,a e d*,b* f e*,d b* c,d e b,f b* c,f e b* 
0.7559985528501781,328,0.18361072436265433,328,a a c*,c* e* b,d c b,f f* c,f* c* b,f* c* d 
0.7542885505660019,328,0.553348248694932,328,a* e* a,c* e* f,d c f*,f c* c 
0.7064447245125829,318,0.13947774020131504,318,a b b,e c* f,e d c,f d e*,f* c* c* 
0.6809837405428396,298,0.7988874115581923,298,a a b,a* e e,e a d*,e a* d,e e* e*,f* a e 
0.686324371203676,277,0.9565050661892314,277,a a a*,a e* d*,d* c c,e f c*,e* b* d*,f b* a 
0.7556270828031406,328,0.6066984848818381,328,a b a,a d f,a f e*,c f* e*,e a* d,e* c* a 
0.7860507570661364,358,0.26852721311045896,358,a b f*,b d* b*,b* b* c,d c d*,e e* b,e* d c 
0.7577404369763565,328,0.1422540107331826,328,a a c*,b d f,b f f,b* c d*,e c* e*,e* d a 
0.6394756597856345,298,0.39003324833670505,298,a* a* d*,a* b e,c c* f*,c* a a*,d* b* f*,e* c* d 
0.7316674449459473,318,0.3801893634991609,318,a a a*,a* d d,a* f e,d d* d*,f a c*,f e c 
0.6874756032632362,277,0.7574856137324164,277,a a a*,a b c,d* a* d,e d c,e* f d 
0.7070605720449321,318,0.4542109402658289,318,a a b*,a d e*,a e* e*,a* e* a,b* e* d*,c* d* f* 
0.7266336077576117,318,0.6489820374126483,318,a a c*,a b* d,a d b*,d c* e*,f* a* a,f* b b 
0.6752503821789816,308,0.8900316219872765,308,a a f*,a b a,a e c,c* f b,e b b*,e* a a* 
0.6518042130173319,308,0.5977035537536259,308,a b b,a f* c,f* c d*,f* c* c 
0.6483755698800109,298,0.24707969428580764,298,a a a,a b b,b* e* a,e d c,f d e* 
0.7212556519193174,318,0.6489820374126483,318,a a c*,a b* d,b b e,d c* e*,f* a* a,f* b b 
0.7134060970044094,298,0.892796174338243,298,a a a*,a b b,c a c,e f c*,e* c e*,f* c a* 
0.7560607317070578,328,0.4656485139726087,328,a a f*,b* b e*,e e a*,f a* e*,f* d* a* 
0.5754832308560217,298,0.9425785607192075,298,b* f e*,d e* b*,e* a c,e* e c* 
0.7404661556356652,277,0.9287931073119057,277,a a a*,a c a,c* a f*,e c c*,f* b a*,f* d b* 
0.754900474446172,328,0.4143167485059845,328,a* d* b,c* d f,d* f* a*,e e a,e* f b 
0.6480626670185984,277,0.9195762657986316,277,a a b*,a a c*,a b c,b* f* c,e* c e,f f* b* 
0.7324435383717646,308,0.8412143489726035,308,a a a*,b c a,c a c,f* c c,f* d f,f* e c* 
0.7132309685664937,318,0.6489820374126483,318,a a c*,a b* d,a d b*,a* d c*,d c* e*,f* a* a 
0.7066299104599408,318,0.09320154268563714,318,a a e*,b a* c,b d* a,c* e* e,e* d* b,f* a d* 
0.757051234540855,328,0.28063586176457317,328,a a c*,a a f*,a* d f*,c f b*,e* e* e,f c* e 
0.6986585531300774,318,0.8352795223761256,318,a a f*,a b* f*,a e c,e b b*,e e* a* 
0.7731419390022957,338,0.049410297886411055,338,a* a f*,b a* c,b* c* f*,c* e* e,d e e*,f* a d* 
0.751971731731863,318,0.3406249574085934,318,a a a*,a a b,b c* f,d d e*,e d c,f* f b 
0.7808981618938255,348,0.37743363515518363,348,a a e,b b b*,b* e* c*,e* b f*,f c* d,f d* b 
0.7359591904789766,318,0.7593859699610649,318,a a a*,a b b,c a c,d* b b,f* c c 
0.6947049155231394,318,0.23822508555468008,318,a a a,d d* d,d f f*,d f* c*,f* d* d* 
0.7001395594068827,318,0.605150543230551,318,a a f*,e b* f,f a* e*,f* d* a*,f* d* e* 
0.7816402083726124,348,0.37743363515518363,348,a a e,b* e* c*,c f* d*,e* a d,e* b f*,f d* b 
0.6630835743483794,308,0.2967758554339118,308,a a a,a b a,a c d,c* e d,d d* d,f* b c 
0.5959196291174038,298,0.5355115561706473,298,a a b*,c c b,c* e b,f c* b,f* d f* 
0.7552123135901972,328,0.06099555315462263,328,b a* c,b f e,b* c* f*,d* b a 
0.7194373162676295,277,0.9565050661892314,277,a a a*,a e* d*,b f* c*,c c* e,d* c c,e f c* 
0.780824334217347,348,0.37743363515518363,348,a a e,b b b*,e* b f*,e* d e,f f c*,f* c f 
0.7541767511061127,328,0.06099555315462263,328,b a* c,b d* a,b f e,b* c* f*,c f a*,d* b a 
0.7750307998345042,338,0.14342966383354191,338,a a a,a b a,c* d* c,d c* a,e* b e,f* d* d* 
0.7886633447944028,358,0.11443644404168649,358,a a b*,a b a,a* c f,b e* e*,e a e*,e* e b 
0.7563499729773673,328,0.3618197515294261,328,a a c*,b a f,b* f f,e e* b*,f d a*,f d d* 
0.7424779125192151,318,0.7593859699610649,318,a a a*,a b b,a* c* e,f e b*,f* c c 
0.737418211638732,318,0.7593859699610649,318,a a a*,a b b,c a c,d* b* f*,e* f* f*,f* c c 
0.7860507570661364,358,0.33249065832409275,358,a c c*,a f b,a* c* e*,d f c*,d* b* b* 
0.5981625709099131,298,0.7415059848449042,298,a b b,a f* c,f* c d*,f* c* c 
0.745232713433034,318,0.7296715898061292,318,a a a*,e a* d*,f a b*,f c c*,f* c c*,f* d b* 
0.7546089499191423,328,0.06099555315462263,328,b a* c,b* b f,b* c* f*,c* e* e,d e e*,f* a e 
0.635209998289364,298,0.36087628978763997,298,a a a,a b a,d d* d,e* d d,f* d* d* 
0.710882684544439,318,0.8352795223761256,318,a a f*,a b* f*,a d e*,a e c,e b b*,e e* a* 
0.7566241362566541,328,0.28063586176457317,328,a a c*,a a f*,a* d f*,a* f c,b c* b,e a d* 
0.7570652618064531,328,0.7418680982948586,328,a a f*,a b a,a e c,b a* f,e b b*,e e* a* 
0.709193695060775,308,0.5063159815891805,308,a a a*,a* e* b,b* f f*,d d e*,e* f d 
0.655158167163158,308,0.5977035537536259,308,a b b,a f* c,e* d e*,f* c d*,f* c* c 
0.6606686417678902,308,0.4461810527438405,308,b d* c,b* b d,b* b f*,e c* a,f f* c,f* c* b 
0.7544782653139122,328,0.06099555315462263,328,a e a,b a* c,b d* a,b f e,e c d 
0.7719061140190999,338,0.4029431738443852,338,a a b,b b* c*,b d* b,e* c* c,f f* d,f* c* d* 
0.7404661556356652,277,0.7574856137324164,277,a a a*,b b* e*,b f e*,c* a d,d d e*,e d c 
0.7003670624111467,318,0.8352795223761256,318,a a b*,a b a,c* c a*,e a e*,e* e b,e* f a 
0.7804489311577207,348,0.4546741859564962,348,a b b*,a c c*,a f b,d f c*,d* b* b*,e* a* f* 
0.7300076900500544,277,0.9565050661892314,277,a a a*,a b b,d* b* f*,e f c*,e* f* a,f* c c 
0.7211948759697916,308,0.8412143489726035,308,a a a*,c a c,c* a* f,d* d b*,f* c c,f* e c* 
0.7107216772808344,308,0.8412143489726035,308,a a a*,a b b,c a c,d b b,d* b d,f* c c 
0.7545521270557878,328,0.6606627464427307,328,c b a*,c* e d,d* f c*,e e* b,e f* a,e* d f* 
0.7567647625310847,328,0.28063586176457317,328,a a c*,a a f*,a* d f*,a* f c,d* a* a,e a d* 
0.7742181275345693,338,0.2520731151208485,338,a b b,c* a f*,e f c*,e* c d*,f* c c,f* d f 
0.679906356017591,308,0.18678487686164147,308,a b c*,b b b*,b* d* f*,c b e,e* f d,f* c* c* 
0.720805091050537,298,0.8543501960795774,298,a a a*,b* a* b,c* a f*,d d* d,f c c*,f* d b* 
0.7757727197956239,338,0.3996627685207471,338,a b b,a e c,b b* a*,b b* e,e* d d*,f d* a* 
0.7247028542982479,308,0.8412143489726035,308,a a a*,a f* b*,c a c,f b e*,f* c c,f* e c* 
0.7872564224767797,358,0.26852721311045896,358,b* b* c,b* c* e,b* f* c,c c* e,e* d c,f f b* 
0.7250512501477746,318,0.23822508555468008,318,a a a,b a f,d f* c*,e e e*,f* c* d,f* d* d* 
0.7364128487326588,318,0.7593859699610649,318,a a a*,a b b,c a c,f c* c,f* c c 
0.680419902209208,308,0.727734204999298,308,a a c*,b* a c,c b* f,c* c a*,e a d*,f b f 
0.7545521270557878,328,0.41210726013230814,328,a b* e,b* a* a,b* a* d,c c* b,d* f e*,e* e* d 
0.6490256507687113,298,0.7921444695871614,298,a a c,b b b,d f b,d f f*,e* a b*,f f f 
0.7753504567104671,338,0.2520731151208485,338,a a a*,a b b,b a e,b f* c*,e f c*,f* c a* 
0.7562054430979027,328,0.6794024943082433,328,a a c*,a* e b,b c* d,e b a*,e* f e 
0.6888698751679376,298,0.9425785607192075,298,a c* b*,b b a,d e* b*,e* a c,e* e c*,f e* b 
0.6901345784454912,298,0.36087628978763997,298,a a a,a b a,c e f*,d d* d,d e b,f* d* d* 
0.7102291822294621,298,0.8543501960795774,298,a a a*,b f* d,c e* f,e f* a,f c c*,f* d b* 
0.6516482508557584,298,0.4993269213296661,298,a a c*,b d f,b e* e,b f f,d e* a*,e* d a 
0.7865407184913565,358,0.21426251712094121,358,a a c*,a* e f*,b b* e,b d c,e e* d*,e* a c* 
0.7519149101788695,318,0.3801893634991609,318,a a a*,a a* a,a* d d,a* f e,d c c,d e* a* 
0.780476878515574,348,0.4546741859564962,348,a b b*,a c c*,a f b,d* b* b*,d* c* e*,e* a* f* 
0.6289231443338196,308,0.41264232278673524,308,a* b c,b d f,b e* f,b f* f,d e* a*,f d b* 
0.6890041551894389,298,0.4993269213296661,298,a* b* e*,b e* f,b f* f,d e* a*,e* d a,f* e* f 
0.6843808981404789,298,0.36087628978763997,298,a a a,c a* d,c e f*,d d* d,d e b,f* d* d* 
0.7114673591716948,308,0.7486107960150004,308,a a b*,a a c*,a f* e,e* c e,e* f e* 
0.789603178671506,358,0.11443644404168649,358,a a b*,a b a,b f* a,e a e*,e* e b,f f e 
0.757051234540855,328,0.28063586176457317,328,a a c*,a a f*,d* f* b,e* e* e,f c e,f c* e 
0.6516482508557584,298,0.718906764719284,298,a a c*,a d d,a* f e*,f d d*,f d* e,f* d b 
0.775705391024132,338,0.14342966383354191,338,a a a,a b a,b d* c*,b* d e,d d* d,e* b e 
0.659648932136301,298,0.5242256128047652,298,a a c*,c* d* a*,d* f f*,e c* a,f f* c 
0.7051588053735197,318,0.5414552784025859,318,a a c*,b a f,b* f f,e e* b*,f d a*,f d d* 
0.6289231443338196,308,0.3234444094089343,308,a f* f*,d a c,d b* c,f* c d,f* d* a 
0.780476878515574,348,0.4546741859564962,348,a f b,a* c* e*,d f c*,d* b* b* 
0.7227408282295,308,0.8412143489726035,308,a a a*,a b b,d e* b,e f c*,f* c c,f* d f 
0.7874669445599636,358,0.11443644404168649,358,a a b*,a b a,a* c f,b e* e*,d* b f,e a e* 
0.7347996565006957,318,0.5414552784025859,318,a a a*,a c* c*,a* f e*,d c* f,f d d*,f* f a 
0.7132309685664937,318,0.5414552784025859,318,a a c*,a c* c*,a* f e*,b a f,d a e*,f d d* 
0.7548199551111273,328,0.7418680982948586,328,a a b*,a b a,b* f f*,e a e*,e* e b,f d c 
0.697233238669508,298,0.6327732894362434,298,a a c*,d* f b*,e* b* b,e* c f*,e* f d*,f b* b 
0.7715462114444026,338,0.6326203983942164,338,a f d*,c* a d,c* f* d,d e* e*,d f c,d* b* c* 
0.6892957722044705,298,0.24707969428580764,298,a b c*,b b b*,c b e,e d c,e e* f*,e* f d 
0.7105846535674859,308,0.7486107960150004,308,a a b*,a b c,a f d,b d f,b* a e*,f f* b* 
0.7068394519550775,308,0.2967758554339118,308,a a a,a* c d*,c a* a,d d* a,e* a* f,f* d* d* 
0.7895367358499378,358,0.11443644404168649,358,a a b*,a b a,a* c f,a* e a,b e* e*,d* b f 
0.755266898620202,328,0.5943839510159595,328,a a f*,a a* e*,b* c* e*,e* b* b* 
0.7747188810441755,338,0.5772284132652841,338,a a b*,a b a,b* f f*,e a e*,e* e b 
0.6955619440600871,318,0.605150543230551,318,a a f*,c* c f,f a* e*,f* d* a*,f* d* e* 
0.7245992828396546,277,0.7574856137324164,277,a a a*,a a b,b c* f,c* b* f,e d c,f d b* 
0.7717686433784469,338,0.6326203983942164,338,b f* c,b* a* b*,c* e* f*,e* b f,e* c* a,f f d* 
0.7051588053735197,318,0.5735535393135575,318,a a c*,a* e b*,c b* f,c* c a*,e c* d,f b f 
0.6923634649819621,318,0.6981751593666257,318,a a c*,a e d,a* e f*,c* c* e*,e e* d* 
0.7070809881462554,318,0.6450012361041064,318,a a b*,a d* f,a e b*,a* b* b*,c a d,f f* b* 
0.7871872669466912,358,0.26852721311045896,358,b* b* c,b* c* e,b* f* c,d e c*,e* d c,f f b* 
0.7439765423314278,318,0.7593859699610649,318,a a a*,a b b,c a c,e* c d,f c* c,f* c c 
0.770905564005347,338,0.11602348521739927,338,a* d e*,b b* d,d c* b,d d* e*,e* e* b*,f d* a* 
0.680419902209208,308,0.6349439055912958,308,a a c*,a c* c*,a* f e*,b a f,d a e*,f d d* 
0.7748248445553698,338,0.08261179418245257,338,a a a,a b b,b* e* a,e d c,f d e* 
0.7022827388669932,277,0.9565050661892314,277,a a a*,a b b,c a c,e f c*,f* c a* 
0.7138007782652952,308,0.18678487686164147,308,a b b,c* d* d*,e c* f,f d e*,f* a e,f* c* c* 
0.7553617862378141,328,0.4866679716613593,328,a a b,e a* d,e* b* c,e* c c*,f* e* f 
0.7872608127650579,358,0.17376613736699664,358,a a b*,a a c*,a e* c,a* c c*,e* c e,f f* b* 
0.7250512501477746,318,0.4595586217074669,318,a* d d,b* e* c,c* c f*,e* d* f 
0.6947049155231394,318,0.09320154268563714,318,a a e*,b a* c,b d* a,e* d* b,f* a d* 
0.7740002453546446,338,0.2520731151208485,338,a b b,c a c,e e* e*,e f c*,e* c* b*,f* c c 
0.6761697134622532,308,0.5977035537536259,308,a b b,b d e,d d b,d* b c*,e f e,f* c d* 
0.7553308622953172,328,0.5943839510159595,328,a a f*,a a* e*,b e f,b* c* e*,e* b* b* 
0.7563499729773673,328,0.3618197515294261,328,a a c*,b a f,b* f f,f d a*,f d d* 
0.6969701066597404,277,0.6215346690893223,277,b b* d,c a* f*,d a b,d b* b,d d* e*,f d* a* 
0.787001173459364,358,0.17376613736699664,358,a a b*,a b c,c f* e*,c* b c*,d f d*,f f f 
0.6394756597856345,298,0.24707969428580764,298,a b c*,b* f d,c b e,e d c,e* f d,f* c* c* 
0.693045419835147,277,0.5041228002090544,277,a b a,a* e* a,b d* b,c c b*,d d* d,f* d* d* 
0.755709159074167,328,0.6606627464427307,328,c b a*,c* e d,d* f c*,e e* b,e f* a,e* c* e* 
0.6954155182631342,298,0.892796174338243,298,a a a*,c a c,c b* d,e f c*,f* c a*,f* c c 
0.6718747602922407,308,0.5913852857160171,308,a f a*,a* b a*,b c f*,c* a c*,e* d* c* 
0.775246783460296,338,0.14342966383354191,338,a a a,a b a,b d* c*,d d* d 
0.7279075418750209,277,0.9565050661892314,277,a a a*,a b b,b a e,b f* c*,f* c a* 
0.7742181275345693,338,0.08261179418245257,338,a a a,a b b,b c d*,b* e* a,e d c,f d e* 
0.7866909292383759,358,0.05626539137022997,358,a a b*,a* b* e,c c b,e* e* d*,f c* b,f* d f* 
0.7281584541733419,308,0.8412143489726035,308,a a a*,a b b,c a c,c* b* f*,e b e*,f* c* f 
0.7177045623709976,318,0.605150543230551,318,a a f*,c* c f,f a* e*,f* d* e* 
0.7740012015373836,338,0.23588052324801828,338,a a c*,a c* c*,b a f,d f* c*,d* d* a,f d d* 
0.6540377563590619,298,0.7990743247004557,298,a a c*,a a f*,a* d f*,e a d*,f b f,f d f 
0.6582564422003693,298,0.6327732894362434,298,a a c*,a* b* b*,b* f f*,d d a,d* f b*,e* b* b 
0.7317697665004292,308,0.8412143489726035,308,a a a*,a f* b*,c a c,c* e* e,f* d f,f* e c* 
0.6761697134622532,308,0.18678487686164147,308,a b b,e c* f,f d e*,f* a e,f* c* c* 
0.7718073979700296,338,0.6326203983942164,338,b f* c,b* a* b*,c* a d,c* c* a*,c* e* f*,d f c 
0.6578776241087503,277,0.5041228002090544,277,a a a,a b a,a* b* b,d d* d,f* d* d* 
0.6719634732281776,308,0.727734204999298,308,a a c*,a a f*,a* d f*,e a d*,f b f,f d f 
0.643361404817793,308,0.4461810527438405,308,a a c*,b* a e,b* b f*,f a* e*,f* c* b 
0.7213384238256602,277,0.7574856137324164,277,a a a*,a b c,b b* f,d* a c,e* f d,f* f a 
0.7723015513750983,338,0.3486321902389441,338,a a c*,a b c,b* e* d,e a b,e* c e,f f* b* 
0.6794825391887057,308,0.6349439055912958,308,a a c*,a* f e*,b a f,b* c b,d a e*,f d d* 
0.7111225940332152,308,0.5977035537536259,308,a b b,b a c,d* b c*,e* d e*,f* c d*,f* c* c 
0.7089880301911345,298,0.5969301944833294,298,a a a*,b f e*,b* e* b*,d d e*,e a b*,e* f d 
0.655017848431662,277,0.7493726997123418,277,a a e,a d e,a* c c*,a* d b,b f b*,e* d e 
0.6941012103926082,277,0.5041228002090544,277,a b a,b d* b,c c b*,f* d* d* 
0.7285591003367614,318,0.5414552784025859,318,a a c*,b a f,b b* a*,d a e*,f d d*,f* b a 
0.7246355528095022,308,0.8010253538512796,308,a a a*,b b a*,b* c* f*,c a b*,c* a f*,f* d b* 
0.7116267057950757,277,0.4666654617677819,277,a a b*,a c a,b b* c,c a* a,d* f c 
0.6850083675513517,298,0.36087628978763997,298,a a a,a b a,a b* f*,c* d* f*,d d* d,d* b* d* 
0.7723812773751926,338,0.3486321902389441,338,a a b*,a a c*,a b c,d c* e,e* c e,f f* b* 
0.7812952342017031,348,0.4546741859564962,348,a f b,a* c* e*,d f c*,d* b* b*,e* b* e* 
0.7866909292383759,358,0.05626539137022997,358,a a b*,c* d* a*,c* f e,e* e* d*,f c* b,f c* f 
0.7561718296480765,328,0.12206093899214109,328,a a c*,b b* d,e* c f*,e* f d*,f c e*,f* c c 
0.780476878515574,348,0.4546741859564962,348,a b b*,a c c*,a f b,a* b b*,d* b* b*,e* a* f* 
0.7876189701969142,358,0.05626539137022997,358,a a b*,c* f e,e* e* d*,f c* b,f* d f* 
0.6195600894209716,298,0.24707969428580764,298,b* b* c,c b e,e a* b*,e d c,f d e*,f f a* 
0.7880199594939861,358,0.17376613736699664,358,a a b*,a b c,c f e,c* b c*,e* c e,f f f 
0.725205445749821,318,0.13947774020131504,318,a b b,e c* f,e d c,f d e*,f* c* c*,f* e* b 
0.7707472881549307,338,0.4504593312732867,338,a b b,a e* e,b* a b*,c* a* c,c* f* f,f* b* a 
0.7079867822764301,277,0.4666654617677819,277,a a b*,a c a,b b* c,c a* a,d* f c,f* b* e 
0.6978258090794325,308,0.3203583909455615,308,a* a* d*,a* b e,d a* f*,d* b* f*,e* c* d,f e a 
0.7359136605168183,318,0.7593859699610649,318,a a a*,a b b,f* c c,f* f* c* 
0.7570683309763552,328,0.5109964392705881,328,a a c*,b* f* f,c* b b,d c* e*,e* b b*,f* c b 
0.7571948126415019,328,0.28063586176457317,328,a a c*,a a f*,a* d f*,c e* b,e a d*,f c* e 
0.6965060575666095,318,0.6450012361041064,318,a a b*,a d* f,a e b*,c a d,d b f*,f f* b* 
0.787001173459364,358,0.17376613736699664,358,a a b*,a b c,a b* b,c f* e*,c* b c*,d f d* 
0.623264683364914,277,0.7493726997123418,277,a a e,a* c c*,a* d b,b f b*,e* d e,e* e b 
0.7577632158450046,328,0.7418680982948586,328,a a f*,a b a,a e c,e b b*,e e* a*,f* c a* 
0.7743528854221636,338,0.23310649986517248,338,a b b,a d* d,d* b c*,e* d e*,e* d* c*,f* c* c 
0.7816402083726124,348,0.37743363515518363,348,a a e,b b b*,c f* d*,e* b f*,f b* d*,f d* b 
0.7140913818628011,318,0.09320154268563714,318,a f e,b a* c,b f e,b* c* f*,c d d,c* e* e 
0.6119806357752015,298,0.7990743247004557,298,a a c*,a a f*,a* d f*,b c* b,f b f 
0.7076007070611182,318,0.09320154268563714,318,a a e*,b a* c,b f e,c* e* e,e c d,f* a d* 
0.6955300368670756,318,0.09320154268563714,318,a a e*,b a* c,b d* a,c* e* e 
0.7738900983108914,338,0.23310649986517248,338,a b b,a d* d,a f* d*,e* d e*,f* c* c 
0.7552391259111914,328,0.18677745221991002,328,a a a,a b a,b d* c*,d d* d,f f* b* 
0.7874669445599636,358,0.11443644404168649,358,a a b*,a b a,a* c f,c f c*,d* b f,e a e* 
0.7873644396285885,358,0.26852721311045896,358,b* c* e,c c* e,d* b b*,e d* f*,e* d c,f f b* 
0.7753898447868875,338,0.5772284132652841,338,a a b*,a b a,d e f,e a e*,e* e b,f d c 
0.6969458432364959,277,0.7493726997123418,277,a b b,a* c c*,a* e* d,d b a*,e c* f*,e* d e 
0.6955805749146041,318,0.09320154268563714,318,a a e*,b a* c,b d* a,c* e* e,f* a d*,f* d* a* 
0.7250512501477746,318,0.09320154268563714,318,a e a,b a* c,b d* a,b f e,e c d 
0.69648514907947,318,0.6450012361041064,318,a a b*,a e b*,b f* a,c b e,e e* f,f f* b* 
0.7817296465529544,348,0.37743363515518363,348,a a e,b b b*,e* b f*,e* c* d,e* d e,f* c f 
0.6622928823492547,277,0.8696142274513514,277,a a c*,b* f f,d a b*,d f c,f d a*,f d d* 
0.6924489668917242,277,0.6215346690893223,277,a a* c*,a* c* a*,b e* a,d d* f,e* e* b* 
0.6938121293936718,318,0.27445336431206996,318,a a c*,b* f b,c* c* b,d* f a,d* f f*,e c* a 
0.699431029247907,318,0.13947774020131504,318,a b b,c c b*,c* d* d*,e c* f,f d e* 
0.6289231443338196,308,0.18678487686164147,308,a b c*,a* d a,c b e,e d c,e* a e*,e* f d 
0.7132309685664937,318,0.5735535393135575,318,a a c*,a f e,a* e b*,c b* f,f b f 
0.7556912828612956,328,0.3093041567879275,328,a a c,d e* d,d f f*,e* a b*,f f f 
0.687372753232972,308,0.18678487686164147,308,a b b,e c* f,e f e,f d e*,f* a e,f* c* c* 
0.7879168253026105,358,0.21426251712094121,358,a a c*,a* e f*,b a d,b b* e,c* b b*,e* a c* 
0.5792297790843748,277,0.571167612622765,277,c d b,d c b,e a* b,f* f* e 
0.7566241362566541,328,0.28063586176457317,328,a a c*,a a f*,a* d f*,c e* b,e a d* 
0.7757727197956239,338,0.23310649986517248,338,a b b,a d* d,d* b c*,e* b f*,e* d e*,f* c* c 
0.6892957722044705,298,0.24707969428580764,298,a b c*,b* f d,d e* f*,e d c,e* f d,f* c* c* 
0.6989820234542093,308,0.3234444094089343,308,a e d*,b* f e*,d a c,d b* c,d* a* e*,f* c d 
0.7305829599125067,277,0.7574856137324164,277,a a a*,a b c,b* a f,d* a* d,e d c,e* f d 
0.7553692388210674,328,0.4866679716613593,328,a a b,a a* a*,a* d d,a* e e,e c* d,f* a e 
0.7133284019746192,318,0.13947774020131504,318,a b c*,b* f d,d e* f*,e d c,e* f d,f* c* c* 
0.5705363397709312,277,0.6215346690893223,277,a* e* c,b b* d,b e* a,d d* e*,e* e* b* 
0.7316674449459473,318,0.5414552784025859,318,a a a*,a c* c*,d c* e,d c* f,f d d*,f* f a 
0.7285591003367614,318,0.6981751593666257,318,a a c*,a e d,a* e f*,c* c* e*,d a d*,e f* e* 
0.7314895157783244,308,0.5063159815891805,308,a a a*,a a b,b c* f,c* b* f,d e c,f d b* 
0.6089759387421275,277,0.4666654617677819,277,a a b*,a c a,b b* c,c a* a 
0.7715283461761913,338,0.060371923477033795,338,a a d,b* e* c*,d b* c,d c* f*,e* d* a,f* c d 
0.7188462365455055,318,0.8273901169041211,318,b* b* c,b* f f,c c* e,d c d*,d* b b*,e* d c 
0.7761129696823095,338,0.2520731151208485,338,a a a*,a b b,b a e,c* f c,d* d d*,e f c* 
0.7304491758161993,277,0.9287931073119057,277,a a a*,c* a f*,d* e b,f* b a*,f* b* a,f* d b* 
0.7770089928330465,338,0.43849268889060283,338,a b a,a f e*,c* f* c*,d c a*,d e c*,e* c* a 
0.7573812642061447,328,0.28063586176457317,328,a a c*,a a f*,a* d f*,b c* b,d* d d,e a d* 
0.7302392833738975,318,0.7593859699610649,318,a a a*,a f* b*,c a c,c* e* e,f* d f,f* e c* 
0.7285591003367614,318,0.6489820374126483,318,a a c*,a b* d,b b e,f* a* a,f* b b,f* d* a 
0.7716287766938208,338,0.49094642955268814,338,a a c,a* a c*,a* f f,b c a*,d c a* 
0.6713110239635268,298,0.6327732894362434,298,a a c*,a* b* b*,c f* b,d* b* c,d* c* a,f* b e* 
0.6680474804485622,308,0.6349439055912958,308,a a c*,a* f e*,b a f,b* c b,b* f* b,f d d* 
0.7887633310607937,358,0.17376613736699664,358,a a b*,a a e,a b c,a c a,e* c e,f f* b* 
0.7202654035674447,298,0.892796174338243,298,a a a*,a b b,a* c* e,f e b*,f* c c 
0.7211177553825381,318,0.09320154268563714,318,a e a,b a* c,b d* a,b f e 
0.7716287766938208,338,0.23182086738090743,338,a a c,d e* d,d f b,e b* a*,e* a b*,f f f 
0.6956741751588251,298,0.29704379551071647,298,a a b*,a b c*,a c a,b b* c,c a* a 
0.7243149096837377,318,0.4987433192961759,318,a a b,b b* c,b* d f*,d b* b,e* f* e,f d* a 
0.7415901000863004,277,0.7574856137324164,277,a a a*,a b c,b b* f,e b b*,e* f d,f* f a 
0.6032670959578698,298,0.7415059848449042,298,a b b,a f* c,e* d e*,f* c d*,f* c* c 
0.6858224084607473,298,0.5187028814451496,298,a* b a,a* d* a,c* e* f*,d b f*,e c* b 
0.744364312093226,277,0.9565050661892314,277,a a a*,a b b,b a e,b f* c*,d a* e*,f* c a* 
0.6095020001471468,277,0.9723986903109545,277,a a b*,a b a,a b* f,a d* a,b* d a,e* e b 
0.7066115452856947,318,0.4987433192961759,318,a a b,b* d f*,c f* b*,d b* b,e b* a*,e* d* b* 
0.7550862531028357,328,0.6066984848818381,328,a b a,a f e*,b a b,e* c* a 
0.7068394519550775,308,0.8832092253969208,308,b* b* c,b* c* e,c c* e,d d* c,d* b b*,e* d c 
0.6813546837819341,308,0.8900316219872765,308,a a b*,a b a,b* f f*,e a e*,e* e b,f d c 
0.643361404817793,308,0.41264232278673524,308,a a c*,b b c*,c e* c*,e* d a,e* e e 
0.720075249588191,298,0.5969301944833294,298,a a a*,d b e,d f* b,d* a* d,e* c* e,f b* f* 
0.7304109310317309,277,0.9565050661892314,277,a a a*,a e* d*,b d b,d* c c,e f c*,f b* a 
0.7743776577579496,338,0.3486321902389441,338,a a b*,a a c*,a b c,a* c c*,c* f b,f f* b* 
0.7572514246848114,328,0.18361072436265433,328,a a c*,c* e* b,d c b,f a* d,f f* c,f* c* b 
0.7556418625541844,328,0.6066984848818381,328,a b a,a d f,a f e*,c f* e*,c* d* b,e* c* a 
0.7193461634319195,308,0.5063159815891805,308,a a a*,a a b,b c* f,c* b* f,d e c,d* f f 
0.7559350163099028,328,0.3093041567879275,328,a a c,d e* d,d f f*,f f f 
0.7713647657311521,338,0.2520731151208485,338,a a a*,a b b,c a c,e f c*,f* c a* 
0.7895910291303041,358,0.17376613736699664,358,a a b*,a a c*,a b c,b* e* d,d c b,f f f 
0.6135276932577141,277,0.6668144846320619,277,a a c*,a a e,b d f,b f f,d f f 
0.6169665034668415,298,0.9425785607192075,298,a c* b*,b b a,d e a,d e* b* 
0.7770089928330465,338,0.43849268889060283,338,a b a,a d f,c* e c,d c a*,d e c*,e* c* a 
0.5817350678591775,277,0.5041228002090544,277,a a a,a b a,c* d* f*,d d* d,d* b* d* 
0.6955805749146041,318,0.19519900218092517,318,a f* f*,d a c,d b* c,f* c d,f* d* a 
0.6108785582379372,298,0.4993269213296661,298,a a c*,b b c*,c e* c*,e* d a,e* e e 
0.7545295831959377,328,0.6066984848818381,328,a b a,a f e*,c f* e*,e a* d,e* c* a 
0.6345802716636834,308,0.3203583909455615,308,a* a* d*,b b a*,c a* c,c b a*,e c a*,e* c* d 
0.7740267008506629,338,0.14342966383354191,338,a a a,a b a,b d* c*,d d* d,d* b d* 
0.6677054366874137,298,0.8182147482161733,298,a a b*,a a c*,a b c,a* c c*,c* f b,f f* b* 
0.7006429059412251,318,0.5735535393135575,318,a a c*,a a f*,a* d f*,b c* b,e a d*,f c* e 
0.7265303990688867,308,0.5063159815891805,308,a a a*,a b b,d d e*,d e e,d* b f,f b* d* 
0.6131934517595455,277,0.7907462102226519,277,a a c*,b b* d,e* c f*,e* f d*,f c e*,f* c c 
0.7437479928688273,318,0.5414552784025859,318,a a a*,a c* c*,b* e* b*,d b* e*,f d d*,f* f a 
0.7742181275345693,338,0.08261179418245257,338,a a a,a b b,b c d*,b* d f,c* d* c*,f d e* 
0.6836904474919552,298,0.9425785607192075,298,a c* b*,b b a,d e a,d e* b*,e* b* e,e* e c* 
0.755490324549066,328,0.7418680982948586,328,a a f*,a b a,a e c,c* e c,d d e*,e b b* 
0.6965060575666095,318,0.23822508555468008,318,a a a,a a b*,a c d*,b a f,b d* a,f* d* d* 
0.712225475636935,308,0.8412143489726035,308,a a a*,a b b,c a c,d b b,f a* e,f* c c 
0.7247028542982479,308,0.8010253538512796,308,a a a*,c a e*,c e* f,c* a f*,f* b a,f* d b* 
0.7438084095747453,318,0.3406249574085934,318,a a a*,a a b,b* e* d,d d e*,e d c,e e b* 
0.7558989743436941,328,0.6066984848818381,328,a b a,b a b,c b d,c f* e*,e* c* a 
0.7860507570661364,358,0.33249065832409275,358,a b b*,a c c*,a f b,c f c,d f c* 
0.7874669445599636,358,0.11443644404168649,358,a a b*,a b a,a* c f,b f* a,d a a*,e a e* 
0.7201641298928936,308,0.5063159815891805,308,a a a*,a a b,b c* f,c* b* f,d* f f 
0.7895098650464567,358,0.11443644404168649,358,a a b*,a b a,b f* a,d* e* e,e a e*,f d c 
0.6486179626642413,308,0.41264232278673524,308,a a c*,b d f,c c e*,e* a c,e* d a,f c* d 
0.7302392833738975,318,0.5414552784025859,318,a a a*,c* a f*,d b* e*,d d f*,e a* d*,f* f a 
0.7128111517585151,298,0.892796174338243,298,a a a*,c a c,c* f* a,d* a c*,f* c a*,f* c c 
0.780804546759716,348,0.37743363515518363,348,a a e,b b b*,e* b f*,e* c* d,e* d e,f c f 
0.6728530613851252,308,0.18678487686164147,308,a b c*,b b b*,c b e,d a d*,e* f d,f* c* c* 
0.7565543116912258,328,0.5943839510159595,328,a a f*,a a* e*,b e f,b* c* e*,e* b* b*,f* d a 
0.6765806594710332,277,0.4666654617677819,277,a a b*,a c a,b b* c,c a* a,f d d* 
0.745292469804048,318,0.3406249574085934,318,a a a*,a a b,d d e*,e d c,e e b* 
0.7555165770048187,328,0.6794024943082433,328,a a c*,a* e b,b c* d,e b a* 
0.7772011404324267,338,0.5772284132652841,338,a a b*,a b a,a* c e,b* f f*,e a e*,e* e b 
0.7545521270557878,328,0.06099555315462263,328,b a* c,b* b f,b* c* f*,c* e* e,d e e*,d e* f 
0.7280619170775509,277,0.7574856137324164,277,a a a*,a b b,d d e*,d e e,d* b f,f b* d* 
0.7519149101788695,318,0.5414552784025859,318,a a a*,a c* c*,d b* e*,d c* f,d* b d,f* f a 
0.6341746121499285,308,0.2153780783924083,308,a* e b*,b* b c*,b* c* e,d* d* a*,d* e* f*,f a b 
0.6906436871465356,298,0.24707969428580764,298,a a a,a b b,a c b,b* e* a,e d c,f d e* 
0.745232713433034,318,0.5414552784025859,318,a a a*,a c* c*,a* f e*,f d d*,f* c b,f* f a 
0.7715774891884769,338,0.6326203983942164,338,a b c,a f d*,c* a d,d e* e*,d* b* c* 
0.723650223270856,308,0.6349439055912958,308,a a a*,a c* c*,d b* e*,d c* f,d* b d,f* f a 
0.6448939004316887,308,0.6349439055912958,308,a a b,a a c*,a* f e*,b a f,b* c b,e* d* a* 
0.5832819918216698,298,0.36087628978763997,298,a a a,a b a,c* d* f*,d d* d,e* a e* 
0.6350706200335516,308,0.6753441792419982,308,a a b,a b d,b* d f*,c f* b*,e* d* b*,f a* e 
0.5830692465320609,298,0.39003324833670505,298,a* a* d*,b f e,e* c* d,f* b f,f* c* a* 
0.6289231443338196,308,0.48832924010413836,308,b d c,b d* f*,b* d b,d* a e* 
0.7715564440062138,338,0.6326203983942164,338,a b c,c* a d,d e* e*,d f c,d* b* c* 
0.7269663881492218,277,0.8696142274513514,277,a a a*,a c* c*,d c* f,f d d* 
0.7204936901271052,277,0.8696142274513514,277,a a a*,c* a f*,d b* e*,d d f*,e a* d*,f* f a 
0.6830897145734076,308,0.6349439055912958,308,a a b,a a c*,a* f e*,b a f,e* a* f*,f d d* 
0.6680474804485622,308,0.41264232278673524,308,a a c*,c e* c*,e c* f*,e* a c,e* e e 
0.7175723752487128,277,0.9565050661892314,277,a a a*,a e* d*,a* a c,b f* c*,d* c c,e f c* 
0.712303070387908,318,0.6450012361041064,318,a a b*,a a c*,a* c c*,c* f b,f f* b* 
0.6718432499309992,308,0.41264232278673524,308,a a c*,c e* c*,c* e f*,e c* f*,e* a c,e* e e 
0.718229575078987,308,0.6349439055912958,308,a a a*,a c* c*,d c* f,d* b d,f* f a 
0.5979854907298233,298,0.9281332145201266,298,a a b*,a b a,a b* f,a d* a,b* d a 
0.5830692465320609,298,0.5187028814451496,298,a* b a,b b* a,b* a d,c* c* a,c* c* e,d b f* 
0.7507205535109043,318,0.7593859699610649,318,a a a*,a b b,b* e a,c a c,e* c d,f* c c 
0.7742181275345693,338,0.2520731151208485,338,a b b,d* c* d*,e e* e*,e f c*,e* c d*,f* c c 
0.756115860223295,328,0.20322470016610872,328,a a b,b* e* d,d d e*,e d c,e e b* 
0.7740024104010419,338,0.13103466680692272,338,a a c*,a f e,c b* f,c* c a*,e* c* a,f b f 
0.7140738760191321,318,0.4987433192961759,318,a a b,b* d f*,c f* b*,d b* b,d e* d*,e* d* b* 
0.6947049155231394,318,0.4987433192961759,318,b d a*,b* d f*,c f* b*,d b* b,e* d* b* 
0.7299693781600277,277,0.8696142274513514,277,a a a*,a c* c*,d* f a,e* f* c*,f d d* 
0.755565930674775,328,0.12206093899214109,328,a a c*,a* b* b*,e* c f*,e* f d*,f f* a,f* a* c* 
0.6471754207240475,308,0.41264232278673524,308,a a c*,b e* b*,c c e*,e* a c,e* d a,f c* d 
0.7104196265963424,318,0.8352795223761256,318,a a f*,a b* f*,a e c,e a c*,e b b* 
0.7122733594932074,308,0.8412143489726035,308,a a a*,a b b,b f* c*,c a c,f a* e,f* c c 
0.7128111517585151,298,0.8543501960795774,298,a a a*,b b* a,c e* f,e f* a,f c c*,f* d b* 
0.7094410058513092,308,0.22932341851156962,308,a a b*,a b c*,a c a,b b* c,e d* e*,f* d* d* 
0.7069800103232321,308,0.2967758554339118,308,a a a,a a b*,a c d*,b a f,e* a* b*,f* d* d* 
0.692042576762714,277,0.4666654617677819,277,a c a,a c* b*,b b* c,c e d,d e* b,d* f c 
0.7176923693825215,318,0.4987433192961759,318,a a b,a d e,b b* c,d b* b,e* f* e,f d* a 
0.7894393290093785,358,0.17376613736699664,358,a a b*,a a c*,a b c,a* d* e*,e* c e,f e d* 
0.7350591444840757,318,0.7296715898061292,318,a a a*,a a b,f a b*,f c c*,f* c c*,f* d b* 
0.7076803534245847,308,0.7861853770246983,308,a b b,a e c,c* a* b*,e a* d*,e* d d*,e* f* c* 
0.7246355528095022,308,0.6349439055912958,308,a a a*,a c* c*,d b* e*,e a* d*,f d d* 
0.6568165781309916,277,0.5041228002090544,277,a a a,a b a,c* d* f*,d d* d 
0.7887782213138357,358,0.17376613736699664,358,a a b*,a b c,c* b c*,d f d*,f e* c*,f f f 
0.7720761436434928,338,0.23588052324801828,338,a a c*,a d d,a* f e*,f d d*,f d* e,f* d b 
0.780824334217347,348,0.5092191512516459,348,a a e,a f d*,a* c d,b* a c*,d* e f,f* b d* 
0.655158167163158,308,0.18678487686164147,308,a b b,c* d* d*,e c* f,f d e* 
0.7247372939138816,318,0.4232993806188819,318,a a c*,a d f*,a f a*,e* d b 
0.7877957439473376,358,0.21426251712094121,358,a a c*,a* e f*,b d c,e e* d*,e* a c*,e* e d* 
0.720805091050537,298,0.718906764719284,298,a a a*,d b* e*,d c* f,d* b d,f d e*,f* f a 
0.788181513550014,358,0.05626539137022997,358,a a b*,a* b* e,e* e* d*,f c* b,f* d f* 
0.7833352244704394,348,0.5092191512516459,348,a b b,a f d*,b b e,e a c*,e c* a,f* b d* 
0.7324435383717646,308,0.6349439055912958,308,a a a*,a c* c*,d b* e*,d c* f,f d d*,f* f a 
0.7866909292383759,358,0.05626539137022997,358,a a b*,c* d* a*,c* f e,e* e* d*,f c* b,f* c* a* 
0.7348647015950985,308,0.8412143489726035,308,a a a*,a a b*,c a c,f* c c,f* d f,f* e c* 
0.7039871815216371,308,0.8900316219872765,308,a a b*,a b a,b c d,d d b*,e* e b,f d c 
0.7572514246848114,328,0.6794024943082433,328,a a c*,a* e b,b c a*,e b a*,f* e f 
0.7066115452856947,318,0.7593859699610649,318,a a b,b* e* f*,e* d f*,f* c c,f* e* f 
0.7211177553825381,318,0.4987433192961759,318,b d a*,c f* b*,d b* b,e* d* b* 
0.7757616163226079,338,0.08261179418245257,338,a a a,a b b,b* e* a,d* a a,e d c,f d e* 
0.6428446423960876,308,0.2967758554339118,308,a a a,a a b*,a c d*,b a f,e* a* b* 
0.7236743644885156,318,0.29454771126728874,318,a a c*,a* b* b*,b* f f*,d b* b,e* b* b,f e e* 
0.7542885505660019,328,0.06099555315462263,328,b a* c,b* b f,c* e* e,d e e*,d e* f 
0.7750307998345042,338,0.43849268889060283,338,a b a,a d f*,a f e*,c* f* c*,d* e* b,e* c* a 
0.6892115152224314,298,0.9425785607192075,298,a c* b*,d e* b*,e* a c,e* e c*,f e* b 
0.680419902209208,308,0.41264232278673524,308,a a c*,c e* c*,c* e f*,d c c,e c* f*,e* e e 
0.7725208051916693,338,0.23588052324801828,338,a a b,a a c*,a* f e*,b a f,b* c b,e* d* a* 
0.7308221215843994,308,0.5063159815891805,308,a a a*,a b b,d d e*,d* b f,d* c b,f f* f 
0.7860507570661364,358,0.33249065832409275,358,a b b*,a c c*,a f b,c* f b,d f c* 
0.6718747602922407,308,0.3234444094089343,308,a f* f*,c e* e*,d* d c,e e* b,f* c d,f* d* a 
0.7753537560846009,338,0.5772284132652841,338,a a b*,a b a,d e f,e* e b,f a f,f d c 
0.7551623665141876,328,0.5754520286459793,328,a b b,a e* e,b b b*,c* a* c,f e* a*,f* b* a 
0.7568524094667927,328,0.6794024943082433,328,a a c*,a* e b,b c a*,b c* d,c* e* e,e b a* 
0.7236299129660136,308,0.5063159815891805,308,a a a*,a a b,c* b* f,d e c,d* d b,d* f f 
0.7211948759697916,308,0.6349439055912958,308,a a a*,a c* c*,b* e* b*,d b* e*,f d d*,f* f a 
0.7124277692463328,298,0.892796174338243,298,a a a*,a b b,c a c,e* c d,f c* c,f* c c 
0.7554907232994823,328,0.10547467658586578,328,a b b,c c b*,c* d* d*,e c* f,f d e* 
0.7741251106338591,338,0.14342966383354191,338,a a a,a b a,b d f*,b d* c*,d d* d 
0.7738900983108914,338,0.08261179418245257,338,a b b,b* e d*,c* d* d*,e c* f,f d e* 
0.6323433004040994,308,0.6753441792419982,308,a a b,c f* b*,c* b a,d b* b,e* c* f*,e* d* b* 
0.7580256270365389,328,0.28063586176457317,328,a a c*,a a f*,a* d f*,a* f c,b c* b,e* b* a* 
0.6976532305058906,308,0.5063159815891805,308,a a a*,a a b,b c* f,d* f f 
0.7553230659955341,328,0.20322470016610872,328,a a b,a* a* b,b* e* d,e d c,e e b* 
0.7553052942144403,328,0.20322470016610872,328,a a b,b* e* d,d b* e,d d e*,e d c,e e b* 
0.6332126278849912,298,0.768743611990305,298,a a b,b* d f*,c f* b*,d b* b,d e* d*,e* d* b* 
0.7852597273837193,358,0.10044308625930778,358,a a b,a* e e,e a d*,e a* d,e e* e*,f* a e 
0.7553483736895323,328,0.2419840409469536,328,a a c*,a d f*,a f a*,c a* a,e* d b 
0.6856921262093786,298,0.892796174338243,298,a a a*,a b b,a* c* e,f e b* 
0.7572514246848114,328,0.3618197515294261,328,a a c*,a* f e*,b* a d,d a e*,e e* b*,f d d* 
0.7362555159094474,318,0.7593859699610649,318,a a a*,a b b,c a c,d* b b,d* c* f*,f* c c 
0.7711600182844747,338,0.6326203983942164,338,b d* f,b f* c,b* d e,c* a d,e a c*,f e d 
0.744364312093226,277,0.7574856137324164,277,a a a,a a a*,a b b,d d e*,d e e,d* b f 
0.6018995557120169,298,0.9281332145201266,298,a a b*,a b a,b* f f*,e* e b 
0.7182816286961647,298,0.5969301944833294,298,a a a*,a a b,b c* f,d d e*,e d c,f* f b 
0.7109279038849035,277,0.5041228002090544,277,a a a,a a b*,a c d*,b a f,e* a* b*,f* d* d* 
0.7806045653319297,348,0.4546741859564962,348,a c c*,a f b,a* c* e*,a* e b*,d f c*,e c* a 
0.6942630052041374,298,0.6327732894362434,298,a a c*,a* c b,e* b* b,e* c f*,e* f d*,f b* b 
0.6935640810442213,298,0.36087628978763997,298,a a a,a a b*,a c d*,b a f,e* a* b*,f* d* d* 
0.690135441379031,277,0.8696142274513514,277,a a a*,a* d* c,a* f e*,d c* f,f d d*,f* f a 
0.7308221215843994,308,0.8412143489726035,308,a a a*,a b b,a b* b,a* e* e,f* c c,f* e c* 
0.7102209577739929,298,0.718906764719284,298,a a a*,a b b,b* d* d,d b* e*,d c* f,f d e* 
0.7571948126415019,328,0.28063586176457317,328,a a c*,a a f*,a* d f*,c e a*,d* a* a,e a d* 
0.6890041551894389,298,0.5242256128047652,298,b b* f*,b d* c*,e c* a,f f* c,f f* e*,f* c* b 
0.6891831555142018,298,0.9425785607192075,298,a b b,a* e d*,b b a,c f* c,e* e c*,f* d d* 
0.775705391024132,338,0.43849268889060283,338,a b a,a d f*,a f e*,d* e* b,e* c* a 
0.6962829662561579,298,0.8182147482161733,298,a a b*,a b c,a f d,d e d,f f* b* 
0.7717393222265496,338,0.49094642955268814,338,a a c,a* a c*,a* f f,b c a*,d c a*,d* b* c* 
0.7559141895441902,328,0.39790016374566406,328,a b a,c e* e,d a* a,d e* e,e d a* 
0.6482952247537115,308,0.6349439055912958,308,a a b,a a c*,a* c* c*,a* f e*,b* c b,e* d* a* 
0.7069150921224749,308,0.2967758554339118,308,a a a,c a* d,c e f*,d d* d,d e b,f* d* d* 
0.727291316539435,277,0.8696142274513514,277,a a a*,a c* c*,d c* f,d e c*,f d d* 
0.7863816680182624,358,0.26852721311045896,358,a a e,b* b* c,b* f* c,c* f* b*,e* d c,f f b* 
0.7545455778542458,328,0.20322470016610872,328,a a b,d d e*,e d c,e e b* 
0.7118815530129065,308,0.49734243443460796,308,a b b,b c* f*,e* e* b,f f* d,f* a* c* 
0.7083937437288491,298,0.718906764719284,298,a a a*,d b* e*,d c* f,d* b d,f d e* 
0.6982585232977199,298,0.5969301944833294,298,a a a*,a a b,b c* f,c* b* f,d e c,d* f f 
0.783319675254104,348,0.5092191512516459,348,a b b,b b e,e a c*,e c* a,f d* c,f* b d* 
0.6576845506473189,308,0.7486107960150004,308,a a b*,a a c*,a b c,a f* e,e* a e,f f* b* 
0.7871808394144103,358,0.33249065832409275,358,a c c*,a f b,c f c,d f c* 
0.5805275232076635,298,0.7988874115581923,298,a a b,b a* c*,d* a* e,e* b* c,e* c c* 
0.7042556121457609,298,0.718906764719284,298,a a a*,c c b*,d b* e*,d c* f,d* b d,f d e* 
0.708693028714472,308,0.6349439055912958,308,a a a*,a c* c*,d b* e*,f d d*,f* f a 
0.71024325191434,308,0.7861853770246983,308,a b b,a e c,c d* c*,c* a* b*,e* d d*,e* f* c* 
0.7159090699317634,318,0.5735535393135575,318,a a c*,a a f*,a d a*,a e c*,f b f,f d f 
0.7020031801755359,277,0.9565050661892314,277,a a a*,a b b,b f* c*,d a* e*,e* d* e,f* c a* 
0.7316674449459473,318,0.5414552784025859,318,a a a*,a c* c*,b* e* b*,f d d*,f* f a 
0.7072387949820872,308,0.6254277899175722,308,a a b*,b b* e,b c* b*,c c* b*,e f* e,e* b e* 
0.7813849439412802,348,0.4546741859564962,348,a b b*,a c c*,c e* f*,e* a* f* 
0.5978807018968216,298,0.9281332145201266,298,a a b*,a b a,a b* f,b* d a,c* b f*,e* e b 
0.7394345008203855,277,0.8696142274513514,277,a a a*,a c* c*,d c* f,d* b d,f* f a 
0.7124793384615782,298,0.5969301944833294,298,a a a*,a b b,d d e*,d* b f,d* c b,f f* f 
0.7562054430979027,328,0.6794024943082433,328,a a c*,a* e b,b c* d,b* e* d,e b a* 
0.6176516662848706,298,0.4993269213296661,298,a a c*,b d f,c* d* a*,e* a c,e* d a,f c* d 
0.6950594745376517,318,0.2921926569382294,318,a* c f*,b c* c*,b* e* a,c e* d*,d c* d*,e a* f 
0.6732070054027278,308,0.727734204999298,308,a a c*,a a f*,a e c*,f b f,f d f 
0.755586648854559,328,0.6794024943082433,328,a a c*,a* e b,b c* d,e b a*,e* f e,e* f e* 
0.6195600894209716,298,0.16697880182978977,298,b* d* f*,d e e,e e f*,f* c* c*,f* e a* 
0.7820875066185725,348,0.5092191512516459,348,a b b,a f d*,b* a* b*,e a c*,f* b d* 
0.7118815530129065,308,0.9082418492710947,308,a b b,a* e d*,b b a,c f* c,e* e c*,f* d d* 
0.7802221195465615,348,0.4546741859564962,348,a c c*,a f b,a* c* e*,a* e b*,e c* a 
0.7879579222027103,358,0.21426251712094121,358,a a c*,a a e,a* e f*,b* a* f*,e* a c*,e* c* e 
0.69648514907947,318,0.4542109402658289,318,a a b*,a d e*,a e* e*,b* e* d*,c* d* f*,d* a* d* 
0.7563330346412899,328,0.4569823867243856,328,a a c*,a* c e*,b* e* d,e* c e,e* f f*,f f* b* 
0.7307308069863137,318,0.3406249574085934,318,a a a*,a a b,b c* f,d d e*,f* f b 
0.7048908297152484,298,0.718906764719284,298,a a a*,c c b*,d b* e*,d* b d,f d e* 
0.6534113061491332,298,0.4993269213296661,298,a a c*,b d f,b f f,d e* f,e* a c,f c* d 
0.684659645314648,308,0.7486107960150004,308,a a b*,a a c*,e* c e,f f a,f f* b* 
0.7280927283863408,308,0.5063159815891805,308,a a a*,a b b,d* b f,d* c b,f f* f,f* e b 
0.7303949090850121,277,0.6668144846320619,277,a a a*,a a c*,c e* c*,e* a c,e* d a,e* e e 
0.6463600815449774,308,0.8900316219872765,308,a a b*,a b a,b* f f*,e* e b,f d c 
0.6858224084607473,298,0.9425785607192075,298,a c* b*,b b* d,b* f e*,c d a,d e* b*,e* e c* 
0.7132868381672662,298,0.5969301944833294,298,a a a*,a b b,d* b f,d* c b,f f* f,f* e b 
0.7720392249102043,338,0.3486321902389441,338,a a b*,a a e,a b c,c f* b,d* b b,f f* b* 
0.7742181275345693,338,0.23310649986517248,338,a b b,a d* d,e* d e*,e* d* c*,f f* d,f* c* c 
0.7803715770646285,348,0.4546741859564962,348,a f b,a* c* e*,b c* e*,d f c*,d* b* b*,e* b* e* 
0.7874186830453954,358,0.26852721311045896,358,a a e,b* b* c,b* c* e,e* d c,f f b* 
0.7869815984784875,358,0.33249065832409275,358,a b b*,a c c*,a e a*,c* f b,d f c* 
0.6539795319343487,277,0.571167612622765,277,c d b,d c b,e a* b,f* e c*,f* f* e 
0.711406514006867,308,0.5063159815891805,308,a a a*,a b b,d d e*,d* b f,f f* f 
0.775549839653918,338,0.14342966383354191,338,a b a,c a* e,c* e* f,d d* d,f* d* d* 
0.735697745039273,318,0.3406249574085934,318,a a a*,a b b,d d e*,d* b f,f f* f 
0.7553052942144403,328,0.20322470016610872,328,a a b,b f d*,b* e* d,d d e*,e d c 
0.7869283020378973,358,0.05626539137022997,358,a b a,b f a,b* d f*,e* e* d*,f c* b,f* d f* 
0.7507205535109043,318,0.3406249574085934,318,a a a*,a b b,d d e*,d* b f,d* e* b,f f* f 
0.71024325191434,308,0.9082418492710947,308,a b b,a* f* f,b b a,c f* c,e* e c*,f* d d* 
0.6109292401906675,298,0.6327732894362434,298,a a c*,a* b* b*,d* b* c,d* c* a,e* e d*,f* b e* 
0.7740002453546446,338,0.612497715100849,338,a b b,a* e d*,b b a,c f* c,e* e c*,f* d d* 
0.780309647940745,348,0.4546741859564962,348,a f b,a* b* f*,a* c* e*,a* d d*,d f c*,d* b* b* 
0.7029891774402949,308,0.6349439055912958,308,a a b,a a c*,a* c* c*,a* f e*,e* d* a*,f* c* a 
0.7757727197956239,338,0.08261179418245257,338,a b b,b* e d*,c* d* d*,e c* f,f d e*,f* f a 
0.7735428239634834,338,0.3996627685207471,338,a b b,a e c,b c* a,e* d d*,e* f* c* 
0.6940213195799974,298,0.27670872743721997,298,a a a*,c* d c*,f a b,f b d,f d e*,f* d b 
0.7303844863962621,277,0.9565050661892314,277,a a a*,a e* d*,c c b,d* c c,e* b* d*,f b* a 
0.7566842135637455,328,0.3618197515294261,328,a a b,a a c*,a* f e*,b a f,e* a* f*,f d d* 
0.6833256885633974,298,0.16697880182978977,298,d e e,e e f*,f* c* c*,f* e a* 
0.7350591444840757,318,0.3406249574085934,318,a a a*,a a b,a b* e,b* e* d,d d e*,e e b* 
0.758336256634521,328,0.3618197515294261,328,a a b,a a c*,a* c* c*,a* f e*,b* c b,e* d* a* 
0.718885798047414,298,0.27670872743721997,298,a a a*,c* d c*,e* d* d,f a b,f b d,f* d b 
0.7557285228132142,328,0.7513485466015778,328,a a b,a* c d,b* b* c,b* f f,d a a*,e b* f* 
0.7563499729773673,328,0.4569823867243856,328,a a c*,a* c e*,e* c e,e* f f*,f f* b*,f* e a* 
0.7572514246848114,328,0.5109964392705881,328,a a c*,b f* f,b* a* a,d c* e*,f* c* a,f* e* e* 
0.788277950392545,358,0.21426251712094121,358,a a c*,a a e,a* e f*,b b* e,b* b c,e* c* e 
0.7882365491730613,358,0.05626539137022997,358,a a b*,a* b* e,e* e* d*,f c* b,f* c* c* 
0.7584849894610807,328,0.28063586176457317,328,a a c*,a a f*,a* d f*,a* f c,c* b* c,e a d* 
0.687512814316243,298,0.5969301944833294,298,a a a*,a b b,d d e*,d* b f,f f* f 
0.7316674449459473,318,0.3801893634991609,318,a a a*,a* d d,a* f e,d* b* b*,f a c*,f e c 
0.6709730639720424,277,0.3603824395438005,277,a* b* e,c* f b*,d b* e,e* a b 
0.7301067228123617,318,0.3406249574085934,318,a a a*,a b b,d d e*,d* e* b,e b f,f f* f 
0.7876164280766008,358,0.11443644404168649,358,a a b*,a f* e,a* c f,b f* a,d a a*,e a e* 
0.7809583068676903,348,0.5092191512516459,348,a b b,a f d*,c* a d,e a c*,e c* a,f* b d* 
0.7742181275345693,338,0.3996627685207471,338,a b b,a e c,b b* e,e* d d*,f d* a*,f* b d* 
0.7824426873759365,348,0.5092191512516459,348,a b b,a* f a*,c* a d,e a c*,e c* a,f* b d* 
0.7731419390022957,338,0.5118697492682799,338,a f c,b a b*,b* a c,c a* a*,c e e*,f a a 
0.6843808981404789,298,0.16697880182978977,298,a* f* d*,e e f*,f* c* c*,f* e a* 
0.7572514246848114,328,0.4569823867243856,328,a a c*,c d e*,e c* a,f f a,f* f a 
0.7562054430979027,328,0.4569823867243856,328,a a c*,c d e*,e* b d*,f f a,f f* b*,f* f a 
0.6505462867290028,298,0.8373635355237541,298,a a c*,c c c,d c* e*,e* a b,f d* b,f* c b 
0.6122529218212907,277,0.5041228002090544,277,a a a,a a b*,a b a,c a* e,f* d* d* 
0.741099397011441,277,0.9565050661892314,277,a a a*,b f* c*,c c* e,d* c c,e f c*,f* e e 
0.6890041551894389,298,0.16697880182978977,298,b* d* f*,d e e,e e f*,f d* c*,f* c* c*,f* e a* 
0.5952946472403757,298,0.36087628978763997,298,a a b*,a c d*,b a f,e* a* b*,f* d* d* 
0.7556418625541844,328,0.39790016374566406,328,a b a,a* a c,c e* e,d a* a,d e* e,e d a* 
0.699513409957865,318,0.8352795223761256,318,a a f*,a b* d,a e c,b* c* f,e b b* 
0.7750307998345042,338,0.43849268889060283,338,a b a,a d f*,a f e*,c* c* b,c* f* c*,e* c* a 
0.6756604252960583,298,0.27670872743721997,298,a a a*,c* d c*,f b d,f d e*,f* d b 
0.6375847404908985,298,0.9425785607192075,298,b* c e*,b* f e*,d e* b*,e* a c,e* e c* 
0.7437479928688273,318,0.3801893634991609,318,a a a*,a a* a,a* d d,a* f e,b* d* d,d e* a* 
0.7277926953791322,308,0.5063159815891805,308,a a a*,a b b,d d e*,d* c b,f e d,f f* f 
0.7720662724923741,338,0.09774772816037751,338,a a b*,a c a,b b* c,c a* a,f d d* 
0.6680474804485622,308,0.8401833391015818,308,a a c*,a* e b,b c a*,b c* d,c* e* e,e b a* 
0.7553784362626595,328,0.2419840409469536,328,a a c*,a d f*,a f a*,c a* a,e* c* c*,e* d b 
0.7305565469781464,277,0.7574856137324164,277,a a a*,a b c,b b* f,e* f d,f* e* d*,f* f a 
0.7172154205836713,277,0.6684857283360237,277,a a b*,a a c,a* a* e*,b c b,f c* b,f* d f* 
0.6911777821997506,308,0.41264232278673524,308,a a a*,a a c*,e* a c,e* d a,e* e e,f b* f* 
0.7860507570661364,358,0.33249065832409275,358,a b b*,a c c*,a e a*,d c e,d f c* 
0.5993900689419278,298,0.7750155509577212,298,a b b,a* d* f,b f* e*,c* c d*,c* f* d 
0.7340621276389298,318,0.5735535393135575,318,a a a*,a a c*,a a f*,a e c*,f b f,f d f 
0.6843808981404789,298,0.16697880182978977,298,d* b* f*,e e f*,f* c* c*,f* e a* 
0.6291177132241972,277,0.2768121252172374,277,b* d* f*,d e e,e e f*,f d* c*,f* c* c*,f* e a* 
0.7326217081984124,318,0.3406249574085934,318,a a a*,a a b,b c* f,d e c,d* f f,e f c 
0.7576585692010397,328,0.3618197515294261,328,a a b,a a c*,a b* c,a* c* c*,a* f e*,b* c b 
0.780824334217347,348,0.5092191512516459,348,a a e,a f d*,b* a c*,c* b a,d* a a*,f* b d* 
0.7133284019746192,318,0.23822508555468008,318,a a a,b a f,d e c*,e e e*,f* c* d,f* d* d* 
0.6986585531300774,318,0.8352795223761256,318,a a f*,a b* f*,a e c,c* c* f,e b b* 
0.7132309685664937,318,0.6981751593666257,318,a a c*,a* e f*,c* c* e*,c* f* f,d a d*,e f* e* 
0.7747036926972213,338,0.6326203983942164,338,a b b,a f d*,b* a* b*,e a c*,f* b d* 
0.7175723752487128,277,0.8696142274513514,277,a a a*,a c* c*,d* f a,e* f* c*,f* f a 
0.7562054430979027,328,0.2419840409469536,328,a a c*,a f a*,c a* a,c f f,e* c* f*,e* d b 
0.7553230659955341,328,0.7513485466015778,328,a a b,a* c d,b* f f,c a* a*,c c* e,d a a* 
0.7553052942144403,328,0.20322470016610872,328,a a b,b* e* d,d b* e,d d e*,e d b,e e b* 
0.7558989743436941,328,0.39790016374566406,328,a b a,c e* e,d e* e,e d a* 
0.7062493766195089,308,0.18678487686164147,308,a b b,c* e b,e c* f,f d e*,f* a e,f* c* c* 
0.7556418625541844,328,0.39790016374566406,328,a b a,c e* e,d a* a,d d* f*,d e* e,e d a* 
0.7194373162676295,277,0.42035431744537016,277,a a a*,c* d c*,f a b,f b d,f d e*,f* d b 
0.7873093889887836,358,0.33249065832409275,358,a c c*,c f c,d b* d*,d f c* 
0.5830692465320609,298,0.16697880182978977,298,b* d* f*,e c* e*,e e f*,f* c* c*,f* e a* 
0.7549257102053283,328,0.7513485466015778,328,a a b,b* b* c,b* f f,d a a*,e b* f*,f* a* d* 
0.7359591904789766,318,0.3406249574085934,318,a a a*,a b b,d* b f,d* e* b,f f* f 
0.7190649942341821,308,0.41264232278673524,308,a a a*,a a c*,e* a c,e* d a,e* e e,f a* f* 
0.7237079073119725,277,0.6668144846320619,277,a a a*,a a c*,c e* c*,d* d c*,e* a c,e* d a 
0.6894418352263997,277,0.42035431744537016,277,a a a*,c* d c*,f a b,f d e*,f* d b 
0.755392150895667,328,0.7513485466015778,328,a a b,a* c d,b* b* c,b* f f,c* e* a*,d a a* 
0.7733225508330038,338,0.3996627685207471,338,a b b,a e c,b b* a*,b b* e,f b f,f d* a* 
0.756115860223295,328,0.20322470016610872,328,a a b,b* e* d,c d b,d b* e,e d b,e e b* 
0.7711600182844747,338,0.060371923477033795,338,d b* c,d c* f*,d* c d,e* d* a,f* c d,f* d b* 
0.7293788226571218,277,0.7574856137324164,277,a a a*,a b b,a f d,d d e*,d e e,d* b f 
0.7563499729773673,328,0.6794024943082433,328,a a c*,a* e b,b c* d,c a* f*,e b a* 
0.6511299653464782,277,0.3603824395438005,277,a* b* e,c* f b*,e a f*,e* a b 
0.7301367266845663,318,0.16152952031743598,318,a a a*,b* c f*,c* d c*,f a b,f d e*,f* d b 
0.6630573098399369,277,0.7493726997123418,277,a b b,a* e* d,d b a*,e c* f*,e* d e,f* a b 
0.6889008991762463,277,0.8696142274513514,277,a a a*,a a b,a c* c*,d c* f,d* b d,f* f a 
0.7127680915990516,298,0.718906764719284,298,a a a*,a a* f*,c* a f*,d b* e*,d d f*,f* f d 
0.7553692388210674,328,0.7513485466015778,328,a a b,a* b* c,b* f f,d a a*,e b* f*,f* a* d* 
0.7243149096837377,318,0.7593859699610649,318,a a b,c* e* a*,e* d f*,f* c c,f* e* f 
0.788319262455265,358,0.17376613736699664,358,a a b*,a a c*,a e* c,e* c e,f f a*,f f* b* 
0.722318505231929,308,0.8900316219872765,308,a a a*,a a f*,a b a,a e c,c* f b,e b b* 
0.7569114064844238,328,0.39790016374566406,328,a b a,a* a c,a* f* d*,c e* e,d a* a,d e* e 
0.7701613372336502,338,0.612497715100849,338,a b b,b b a,c f* c,e* b* d*,e* e c*,f* d d* 
0.6406346155024099,298,0.24707969428580764,298,a* b* e*,b c* c*,b* b* c,c b e,f d e*,f f a* 
0.780824334217347,348,0.37743363515518363,348,a a e,b b b*,d* b* f*,e* b f*,e* d e,f c f 
0.7335393791598158,318,0.3801893634991609,318,a a a*,a a* a,a* d d,a* f e,b* d* d,e* d* f 
0.7239735085885404,298,0.892796174338243,298,a a a*,a b b,c a c,e f c*,e* c e* 
0.712738317019003,298,0.718906764719284,298,a a a*,a a* f*,c* f f*,d b* e*,d d f*,f* f d 
0.7272904201992243,308,0.8412143489726035,308,a a a*,a b b,c a c,e b e*,f a b*,f* c* f 
0.6937928249167471,277,0.3603824395438005,277,a e* f,a* b* e,b* d f,c c* e,c* f b*,d b* e 
0.7215963984502886,308,0.2153780783924083,308,a a a*,b* c f*,c* d c*,f a b,f d e*,f* d b 
0.7873890106749486,358,0.21426251712094121,358,a a b,a a c*,a* e f*,b b* e,b d c,e* a c* 
0.771826887891427,338,0.060371923477033795,338,a a b*,b* f e*,d b* c,d* f f,f e b*,f* c d 
0.7563499729773673,328,0.4569823867243856,328,a a c*,c d e*,c* e a,e c* a,f f a,f* f a 
0.7770089928330465,338,0.30008304849894896,338,a b a,c e* e,d e* e,e d a* 
0.6931988252182313,298,0.718906764719284,298,a a a*,c c b*,d b* e*,d c* f,f d e* 
0.781276662513685,348,0.32125580439407725,348,a b a,a d d,b* c* e,c a* b,c d* b*,f a* c 
0.735893495730082,318,0.2831115121490759,318,a a a*,a a c*,b* d d,e* a c,e* e e,f a* f* 
0.7824426873759365,348,0.30265291222937174,348,a b b,a e c,c d* c*,c* a* b*,e* d d*,e* f* c* 
0.7083546001759674,298,0.7990743247004557,298,a a a*,a a f*,a e c*,c* c a*,d f* c,f d f 
0.6007918595056477,277,0.2768121252172374,277,d e e,e a* e*,e e f*,f d* c*,f* c* c*,f* e a* 
0.6931585569010762,298,0.27670872743721997,298,a a a*,c* d c*,e* b b*,f a b,f d e*,f* d b 
0.7744821909682397,338,0.2520731151208485,338,a a a*,a b b,a* d c,d a* d*,e f c*,f* c a* 
0.7807362635843307,348,0.35865218602860716,348,a b b,b b a,c f* c,e* b* d*,e* e c*,f* d d* 
0.7886127467781125,358,0.05626539137022997,358,a b a,b* d f*,e* e* d*,f c* b,f* d f* 
0.7562823604278787,328,0.7513485466015778,328,a a b,a b b,a* c d,b* b* c,d a a*,e b* f* 
0.6630573098399369,277,0.40028838284720236,277,a a* c,a a* f*,a b b,d* f a*,e c* f,e d c 
0.686324371203676,277,0.42035431744537016,277,a a a*,e* b b*,f a b,f d e*,f* d b 
0.6434634253657211,277,0.2768121252172374,277,b* d* f*,d e e,f a b*,f d* c*,f* c* c*,f* e a* 
0.7555639931775836,328,0.28063586176457317,328,a a f*,a* d f*,a* f c,d* a* a,d* f* b,e a d* 
0.7299693781600277,277,0.42035431744537016,277,a a a*,b* c f*,c* d c*,f a b,f d e*,f* d b 
0.7568524094667927,328,0.2419840409469536,328,a a c*,a f a*,e* c* f*,e* d b 
0.7014592481025124,308,0.2153780783924083,308,a a a*,c* d c*,f a b,f d e*,f* d b 
0.6740601599492548,277,0.5041228002090544,277,a a b*,a c d*,b a f,e* a* b*,f* a* c*,f* d* d* 
0.7244517572670977,277,0.6668144846320619,277,a a a*,a a c*,c e* c*,c f e*,d* d c*,e* a c 
0.6836904474919552,298,0.24707969428580764,298,a* b* e*,b* b* c,c b e,e d c,f d e*,f f e 
0.7335019051989435,318,0.3801893634991609,318,a a a*,a* d d,a* f e,c c a*,d* b* b*,f e c 
0.7185555942689588,308,0.41264232278673524,308,a a a*,a* d f,c e* c*,e* a c,e* d a,e* e e 
0.7237832507387805,277,0.42035431744537016,277,a a a*,b c f*,c* d c*,f a b,f b d,f d e* 
0.7360026081534122,277,0.6668144846320619,277,a a a*,a a c*,e* d a,e* e e,f c c* 
0.7816304483319251,348,0.5092191512516459,348,a a e,a d d,b* a c*,c* b a,d* a a*,f* b d* 
0.6885977067146681,277,0.8696142274513514,277,a a a*,a a b,a c* c*,b d* e*,d c* f,f* f a 
0.6897055370615925,308,0.727734204999298,308,a a a*,a a c*,a a f*,a d* e*,f b f,f d f 
0.7237821286890334,308,0.41264232278673524,308,a a a*,a a c*,b* d* e*,e* a c,e* d a,e* e e 
0.7371037538199268,318,0.2831115121490759,318,a a a*,a a c*,b* d d,e d f*,e* a c,f a* f* 
0.7344554805297413,277,0.6668144846320619,277,a a a*,a a c*,b* d f,e* d a,e* e e,f c c* 
0.7863842386624585,358,0.26852721311045896,358,a a e,b* b* c,b* f* c,c* f* b*,e f* b*,f f b* 
0.7548653219998303,328,0.7513485466015778,328,a a b,a* c d,b* f f,c* e* a*,d a a* 
0.6687945020131499,308,0.727734204999298,308,a a c*,a a f*,a* d f*,e* e* e,f c* e,f d a 
0.6502179579241977,298,0.7990743247004557,298,a a c*,a a f*,a* d f*,e a d*,f d f,f* b* a 
0.718196985869638,318,0.8486280921059078,318,a b b,a* e d*,b b a,c f b,c f* c,e* e c* 
0.7250512501477746,318,0.8273901169041211,318,b* b* c,b* f f,c c* e,c* e* c*,d c d*,e* d c 
0.6044820924426677,298,0.24707969428580764,298,a b b,b* e* a,c b f,e d c,f d e* 
0.745232713433034,318,0.3801893634991609,318,a a a*,a* f e,b* f f,c* a e*,d c c,d e* a* 
0.7519149101788695,318,0.16152952031743598,318,a a a*,c* d c*,e* b b*,f a b,f d e*,f* d b 
0.7744593909855403,338,0.43849268889060283,338,a b a,a d f*,c* a* f*,c* f* c*,d* e* b,e* c* a 
0.6099607865067038,277,0.9195762657986316,277,a a b*,a b c,b e c,e* c e,f f* b*,f* f* b* 
0.734840216815511,318,0.5735535393135575,318,a a a*,a a c*,a a f*,b* a* c*,d f e 
0.60736042317341,277,0.4666654617677819,277,a a b*,a c a,a* d b*,b b* c,c a* a 
0.7314909110691729,318,0.5414552784025859,318,a a a*,a c* c*,b* e* b*,f* f a 
0.7338282146758619,318,0.5414552784025859,318,a a a*,b* a d*,b* f* c*,f* f a 
0.6960469217107313,277,0.40028838284720236,277,a a* f*,a b b,d a e,e c* f,e d c,f* c* c* 
0.7385549834104923,308,0.5063159815891805,308,a a a*,a b b,d d e*,d* b f,f f* f,f* b d* 
0.7303844863962621,277,0.42035431744537016,277,a a a*,b c f*,b* a c*,c* d c*,f a b,f b d 
0.7264060056543921,318,0.8352795223761256,318,a a f*,a b* f*,a d e*,a e c,b c* c*,e b b* 
0.7109279038849035,277,0.8340255675581478,277,a a b*,b b* e,b c* b*,c c* b*,e f* e,e* b e* 
0.6827360384035072,308,0.8900316219872765,308,a a a*,a b a,a e c,c c* d,c* f b,e b b* 
0.6959904151833084,277,0.2768121252172374,277,b* d* f*,c* f d,d e e,f d* c*,f* c* c*,f* e a* 
0.7280375828712036,277,0.7574856137324164,277,a a a*,a a b,a* c* c*,b c* f,d d e*,f d b* 
0.7557011683131228,328,0.10547467658586578,328,a b b,b* e d*,c* d* d*,e c* f,f a a,f d e* 
0.7561718296480765,328,0.4569823867243856,328,a a c*,e* c e,e* f f*,f f* b*,f* e a* 
0.7750307998345042,338,0.43849268889060283,338,a b a,a d f*,a f e*,c* a f*,d* e* b,e* c* a 
0.7089727943700398,298,0.7990743247004557,298,a a a*,a a f*,a e c*,b d* a*,c* c a*,f d f 
0.6990146611026864,277,0.7574856137324164,277,a a a,a a a*,a b b,d d e*,d* b f,e a* f 
0.6891831555142018,298,0.7750155509577212,298,a b b,a* d* f,b f* e*,c* c d*,c* f* d,d* e* d* 
0.656161691545101,308,0.18678487686164147,308,a b b,c* d* d*,e c* f,f c* e*,f d e* 
0.7456520708895173,318,0.5735535393135575,318,a a a*,a a c*,b* a* c*,d f e,e f* f,f d f 
0.7809516333345982,348,0.37743363515518363,348,a a e,b b b*,e* b f*,f f c*,f* a* b,f* c f 
0.6871821445042793,298,0.5969301944833294,298,a a a*,a b b,d d e*,d* c b,f f* f 
0.6268332512980594,298,0.3925764161614305,298,a a b*,b* f e*,d b* c,d* f f,f e b*,f* c d 
0.7460470092571128,277,0.6668144846320619,277,a a a*,a a c*,c e* c*,d* d c*,e d* b*,e* a c 
0.7557209044343296,328,0.7513485466015778,328,a a b,a* c d,b a f,b* f f,c c* e,d a a* 
0.7016206141164437,308,0.2153780783924083,308,a a a*,a* e d,f a b,f d e*,f* d b 
0.7211696490020197,298,0.9281332145201266,298,a a a*,a b a,a e c,c c* d,c* f b,e b b* 
0.7568675118703949,328,0.4569823867243856,328,a a c*,c* e a,e c* a,e* f d,f f a,f* f a 
0.7728870034043726,338,0.060371923477033795,338,a a b*,b* f e*,d b* c,d* f f,f e b* 
0.7042156913429559,308,0.727734204999298,308,a a c*,a a f*,a* d f*,e a d*,e f c*,f b f 
0.7303844863962621,277,0.8696142274513514,277,a a a*,a c* c*,d b d*,d c* f 
0.7881254711151653,358,0.05626539137022997,358,a b a,b* d f*,e f* d,e* e* d*,f c* b,f* d f* 
0.712738317019003,298,0.27670872743721997,298,a a a*,c* d c*,d d* e,f a b,f b d,f* d b 
0.6907720089114606,298,0.27670872743721997,298,a a a*,c* f c,d d* e,f a b,f b d,f* d b 
0.723650223270856,308,0.2153780783924083,308,a a a*,c* d c*,e* b b*,f a b,f d e*,f* d b 
0.7234091482531555,308,0.727734204999298,308,a a a*,a a c*,a a f*,a e c*,e c d*,f b f 
0.6709730639720424,277,0.2768121252172374,277,b* d* f*,d e e,d* f* e,f d* c*,f* c* c*,f* e a* 
0.699513409957865,318,0.605150543230551,318,a a f*,c* c f,e* c b*,f f b,f* d* e* 
0.7127680915990516,298,0.27670872743721997,298,a a a*,b* f* a*,c* d c*,e* b b*,f d e*,f* d b 
0.7332786082275943,318,0.5735535393135575,318,a a a*,b* a* c*,d f e,e b* f,e f* f,f d f 
0.727291316539435,277,0.42035431744537016,277,a a a*,b c f*,b* a c*,b* a* d,f a b,f b d 
0.7404797375833627,318,0.5735535393135575,318,a a a*,a a f*,b* a* c*,b* b* b,d f e,f d f 
0.7194373162676295,277,0.8696142274513514,277,a a a*,a a* f*,c* a f*,d b* e*,d d f*,f* f d 
0.6189230312828982,298,0.16697880182978977,298,b* d* f*,e c* e*,e e f*,e* e* e,f* c* c* 
0.7551980640817042,328,0.7513485466015778,328,a a b,a b b,a* c d,b* b* c,d a a*,f f* c* 
0.780824334217347,348,0.5092191512516459,348,a a e,a d d,b b a,b* a c*,c* b a,f* b d* 
0.7216644739434196,308,0.41264232278673524,308,a a a*,a a c*,e* d a,e* e e,f a* f* 
0.7335703086573158,318,0.2831115121490759,318,a a a*,b* d d,e* a c,e* e e,f a* f* 
0.5804645277497861,277,0.6159737064311578,277,a b c,a d* d*,c a c,c f e*,d* b d* 
0.7113021749747512,298,0.4993269213296661,298,a a a*,a a c*,b* d d,e d f*,e* a c,f a* f* 
0.7159914242643327,298,0.4993269213296661,298,a a a*,a a c*,c e* c*,c f e*,d* d c*,e* a c 
0.7066951881334685,308,0.2153780783924083,308,a a a*,c* d c*,d e e*,e* b b*,e* c* f,f a b 
